line_num,word_num,left,top,text,conf
0,0,0,0,,-1.0
0,0,83,281,,-1.0
0,0,87,281,,-1.0
1,0,464,281,,-1.0
1,1,464,281,Contents,96.617577
2,0,83,568,,-1.0
2,1,83,568,ae,14.695236
2,2,437,568,re,18.841026
3,0,120,609,,-1.0
3,1,120,609,Volume,96.476707
3,2,252,612,|:,88.119774
3,3,284,612,Beginnings,96.467567
3,4,472,612,Through,96.087639
3,5,624,614,the,96.622353
3,6,690,615,Harlem,96.220932
3,7,817,617,Renaissance,96.479263
4,0,89,681,,-1.0
4,1,89,681,PREPACE,3.225601
4,2,213,682,xxitt,1.237122
5,0,87,726,,-1.0
5,1,87,726,ACKNOWLEDGMENTS,31.425949
5,2,363,726,xxxi,31.425949
6,0,89,772,,-1.0
6,1,89,772,INTRODUCTION:,80.693138
6,2,290,773,TALKING,95.585373
6,3,408,774,BOOKS,93.2994
6,4,506,779,xu,22.422455
7,0,308,883,,-1.0
7,1,308,883,The,96.950195
7,2,381,885,Vernacular,96.475075
7,3,567,886,"Tradition,",96.475075
7,4,736,888,Part,96.188866
7,5,816,889,|,94.071861
8,0,89,953,,-1.0
8,1,89,953,INTRODUCTION,95.056595
8,2,295,953,3,94.400726
9,0,89,1015,,-1.0
9,1,89,1015,SpPiniTuats,0.0
9,2,1023,1038,”,39.137642
10,0,123,1062,,-1.0
10,1,123,1062,City,96.170364
10,2,180,1062,Called,95.928566
10,3,266,1065,Heaven,94.582581
10,4,362,1069,©,40.181717
10,5,395,1068,12,82.203583
11,0,125,1099,,-1.0
11,1,125,1099,|,70.429733
11,2,143,1099,Know,93.281502
11,3,218,1099,Moon-Rise,84.937363
11,4,366,1104,13,84.270401
12,0,125,1134,,-1.0
12,1,125,1134,Evchicl,40.333389
12,2,217,1136,Saw,95.707207
12,3,272,1135,de,94.78524
12,4,308,1136,Wheel,94.040375
12,5,392,1141,©,55.862656
12,6,424,1140,13,77.443893
13,0,125,1170,,-1.0
13,1,125,1170,I'm,83.362106
13,2,167,1170,a-Rollin’¢,0.0
13,3,307,1176,14,78.648438
14,0,123,1206,,-1.0
14,1,123,1206,Go,96.588913
14,2,168,1207,"Down,",96.265953
14,3,254,1208,Moses,88.322975
14,4,336,1213,*,0.0
14,5,368,1212,14,90.06292
15,0,125,1242,,-1.0
15,1,125,1242,Been,96.016129
15,2,192,1245,in,96.016129
15,3,222,1242,the,95.150246
15,4,268,1245,Storm,94.237183
15,5,348,1245,So,95.946991
15,6,388,1245,Long,92.44072
15,7,455,1250,*,24.183937
15,8,487,1249,15,92.912224
16,0,124,1279,,-1.0
16,1,124,1279,Swing,96.439606
16,2,205,1279,"Low,",95.999733
16,3,268,1281,Sweet,95.659698
16,4,345,1280,Chariot,89.371475
16,5,445,1286,©,59.219254
16,6,477,1285,16,88.368019
17,0,123,1314,,-1.0
17,1,123,1314,Steal,94.388344
17,2,190,1316,Away,96.36586
17,3,260,1320,to,96.700348
17,4,289,1316,Jesus,82.33046
17,5,360,1321,©,50.455284
17,6,392,1320,16,89.471092
18,0,125,1350,,-1.0
18,1,125,1350,Didn't,34.130348
18,2,206,1351,My,96.976624
18,3,251,1351,Lord,75.109154
18,4,316,1352,Deliver,93.305191
18,5,408,1353,Danicl?,87.04834
18,6,506,1359,¢,67.879288
18,7,537,1357,17,94.160538
19,0,123,1385,,-1.0
19,1,123,1385,God's,62.100761
19,2,198,1394,a.,64.782974
19,3,221,1386,Gonna,65.788147
19,4,308,1388,‘Trouble,77.530167
19,5,407,1388,the,96.529732
19,6,453,1390,Water,92.311081
19,7,531,1395,*,60.619205
19,8,563,1395,18,93.933609
20,0,123,1422,,-1.0
20,1,123,1423,Soon,91.797295
20,2,192,1424,|,52.670166
20,3,209,1422,Will,90.299339
20,4,268,1423,Be,96.692215
20,5,307,1424,Done,87.374397
20,6,380,1418,¢,13.07869
20,7,410,1428,18,94.196228
21,0,123,1458,,-1.0
21,1,123,1458,Come,96.60717
21,2,201,1458,Sunday,83.694824
21,3,296,1464,*,20.243111
21,4,329,1464,19,94.124382
22,0,87,1519,,-1.0
22,1,87,1519,Secucar,20.953819
22,2,238,1521,Ruymes,83.24131
22,3,373,1530,ano,46.430038
22,4,447,1523,Soncs,86.839699
22,5,1017,1539,20,90.558838
23,0,124,1563,,-1.0
23,1,124,1563,(We,74.738083
23,2,178,1565,ruise,80.636818
23,3,241,1563,de,96.497543
23,4,276,1564,wheat},79.094849
23,5,372,1569,21,89.494293
24,0,124,1599,,-1.0
24,1,124,1599,Me,95.123215
24,2,169,1599,and,95.123215
24,3,221,1600,My,95.158607
24,4,266,1601,Captain,91.983093
24,5,377,1604,21,94.720268
25,0,124,1635,,-1.0
25,1,124,1635,Promises,96.733589
25,2,238,1635,of,96.818901
25,3,270,1637,Freedom,94.362396
25,4,389,1641,22,94.362396
26,0,123,1671,,-1.0
26,1,123,1671,No,94.973442
26,2,167,1672,More,94.973442
26,3,236,1673,Auction,96.470451
26,4,339,1672,Block,89.092056
26,5,412,1679,*,29.414299
26,6,441,1677,23,94.781845
27,0,121,1706,,-1.0
27,1,121,1706,Jack,96.680336
27,2,180,1707,and,96.342781
27,3,233,1707,Dinah,95.818687
27,4,313,1709,Want,96.179916
27,5,386,1709,Freedom,95.028069
27,6,504,1713,23,95.028069
28,0,124,1742,,-1.0
28,1,124,1742,"Run,",96.344841
28,2,189,1743,"Nigger,",95.951797
28,3,282,1744,Run,93.893478
28,4,347,1748,24,93.893478
29,0,87,1807,,-1.0
29,1,87,1808,[¢,81.110016
29,2,108,1807,indicates,54.094063
29,3,199,1807,audio,57.660904
29,4,255,1803,veles,57.870861
29,5,302,1803,tion,73.459412
29,6,345,1809,avwileble,28.039825
29,7,432,1815,om,81.16127
29,8,462,1810,the,92.830391
29,9,498,1810,SiudvSpace},50.862946
30,0,1026,1874,,-1.0
30,1,1026,1874,ix,51.382504
0,0,0,0,,-1.0
0,0,112,72,,-1.0
0,0,112,72,,-1.0
1,0,112,72,,-1.0
1,1,112,79,»,0.0
1,2,159,75,|,77.556168
1,3,200,72,CONTENTS,77.556168
2,0,147,142,,-1.0
2,1,147,142,Another,95.977509
2,2,252,144,Man,95.977509
2,3,316,144,Done,96.534195
2,4,386,144,Gone,92.374863
2,5,459,148,*,73.655327
2,6,487,146,24,96.992561
3,0,147,179,,-1.0
3,1,147,179,You,96.643646
3,2,200,179,May,96.643646
3,3,257,179,Go,96.331062
3,4,302,179,But,96.954987
3,5,350,179,This,96.907387
3,6,411,179,Will,96.894234
3,7,471,179,Bring,96.285126
3,8,542,179,You,96.965546
3,9,595,179,Back,95.677902
3,10,660,184,©,46.311165
3,11,689,183,25,95.947838
4,0,114,244,,-1.0
4,1,114,244,BALLADS,95.53389
4,2,1043,253,23,52.967834
5,0,147,286,,-1.0
5,1,147,286,John,95.937302
5,2,213,287,Henry,87.100311
5,3,294,291,*,2.982925
5,4,323,290,25,95.89296
6,0,150,322,,-1.0
6,1,150,322,Frankie,96.652512
6,2,248,322,and,96.923004
6,3,298,323,Johnny,87.840424
6,4,391,327,*,25.742355
6,5,420,326,28,96.902298
7,0,150,358,,-1.0
7,1,150,358,Railroad,96.83638
7,2,260,358,Bill,82.473663
7,3,316,362,29,82.473663
8,0,148,393,,-1.0
8,1,148,393,The,96.976234
8,2,204,393,Signifying,95.484673
8,3,335,395,Monkey,89.380684
8,4,437,400,*,60.177025
8,5,467,398,30,96.8368
9,0,150,431,,-1.0
9,1,150,431,Stackolee,90.069977
9,2,271,436,*,78.313446
9,3,303,434,32,96.303429
10,0,150,466,,-1.0
10,1,150,466,Sinking,96.485725
10,2,250,462,of,96.649544
10,3,280,466,the,96.771378
10,4,326,467,Titanic,77.561691
10,5,426,470,33,95.077881
11,0,151,501,,-1.0
11,1,151,502,Shine,95.750641
11,2,226,501,and,96.665123
11,3,278,502,the,96.893929
11,4,324,503,Titanic,94.482353
11,5,424,506,34,96.335495
12,0,114,567,,-1.0
12,1,114,567,Work,92.779182
12,2,219,567,Songs,16.868896
12,3,1047,576,35,95.010452
13,0,153,609,,-1.0
13,1,153,610,Pick,95.928902
13,2,210,618,a,95.928902
13,3,233,610,Bale,96.899826
13,4,291,609,of,96.917229
13,5,322,611,Cotton,84.578972
13,6,412,616,¢,41.694988
13,7,442,614,35,96.440964
14,0,151,646,,-1.0
14,1,151,647,Go,96.427902
14,2,196,647,"Down,",96.391777
14,3,281,646,Old,96.507401
14,4,333,647,Hannah,92.102921
14,5,437,652,*,56.536995
14,6,466,650,36,96.630196
15,0,152,683,,-1.0
15,1,152,683,Can't,85.030106
15,2,222,683,You,96.733742
15,3,274,683,Line,96.043045
15,4,337,683,It?,78.627602
15,5,373,688,¢,70.267365
15,6,402,686,37,95.461456
16,0,116,748,,-1.0
16,1,116,748,The,47.256275
16,2,191,748,Biues,23.423447
16,3,1047,757,38,75.744583
17,0,152,791,,-1.0
17,1,152,791,Good,96.778732
17,2,226,791,"Morning,",96.271622
17,3,346,791,Blues,91.403572
17,4,417,796,¢,60.034439
17,5,445,795,40,83.95639
18,0,155,826,,-1.0
18,1,155,826,Hellhound,87.233086
18,2,287,834,on,96.189293
18,3,326,827,My,96.079224
18,4,369,827,Trail,93.04538
18,5,434,832,©,68.213615
18,6,462,830,40,87.800285
19,0,153,862,,-1.0
19,1,153,863,C.,52.789848
19,2,189,863,C.,52.789848
19,3,225,862,Rider,46.485992
19,4,296,868,*,46.485992
19,5,325,867,41,95.276115
20,0,155,899,,-1.0
20,1,155,899,Backwater,96.796112
20,2,286,899,Blues,90.169838
20,3,358,904,*,48.512688
20,4,385,902,42,96.981148
21,0,155,934,,-1.0
21,1,155,934,Down-Hearted,91.758591
21,2,339,935,Blues,90.828812
21,3,411,940,¢,23.579208
21,4,439,938,43,96.125328
22,0,155,971,,-1.0
22,1,155,971,Prove,96.814575
22,2,230,971,It,89.293076
22,3,254,978,on,91.853653
22,4,294,971,Me,95.808769
22,5,341,971,Blues,77.395897
22,6,412,976,*,53.609772
22,7,440,974,43,96.295746
23,0,153,1006,,-1.0
23,1,153,1006,Trouble,96.371071
23,2,254,1009,in,96.371071
23,3,285,1007,Mind,94.897118
23,4,357,1012,©,61.239811
23,5,384,1011,44,96.59993
24,0,156,1043,,-1.0
24,1,156,1044,How,95.51844
24,2,218,1044,Long,96.642807
24,3,287,1043,Blues,91.928772
24,4,358,1048,©,40.218658
24,5,387,1046,45,94.625908
25,0,156,1078,,-1.0
25,1,156,1078,Rock,96.233398
25,2,224,1079,Me,95.966202
25,3,270,1079,Mama,77.476013
25,4,353,1083,¢,52.084702
25,5,381,1083,46,96.710258
26,0,154,1114,,-1.0
26,1,154,1114,Yellow,96.830795
26,2,239,1115,Dog,96.794136
26,3,296,1114,Blues,67.722336
26,4,368,1120,©,48.572456
26,5,395,1119,46,96.30381
27,0,155,1151,,-1.0
27,1,155,1151,St.,96.30883
27,2,197,1152,Louis,94.541046
27,3,271,1151,Blues,95.022919
27,4,343,1156,©,35.479752
27,5,372,1154,47,94.555328
28,0,157,1187,,-1.0
28,1,157,1187,Beale,96.576622
28,2,229,1187,Street,96.587563
28,3,310,1187,Blues,89.729118
28,4,381,1191,¢,28.406693
28,5,409,1191,48,96.647903
29,0,155,1222,,-1.0
29,1,155,1222,The,93.295959
29,2,211,1223,Hesitating,92.602203
29,3,342,1222,Blues,93.302231
29,4,413,1227,¢,19.506447
29,5,443,1226,50,88.317123
30,0,156,1258,,-1.0
30,1,156,1258,Goin’,73.209877
30,2,228,1263,to,96.070358
30,3,258,1258,Chicago,95.145279
30,4,365,1259,Blues,94.668419
30,5,437,1264,©,38.125538
30,6,467,1263,51,61.498756
31,0,158,1294,,-1.0
31,1,158,1294,Fine,96.342117
31,2,216,1295,and,96.183838
31,3,270,1295,Mellow,91.734009
31,4,364,1299,®,15.43502
31,5,393,1298,51,85.097473
32,0,158,1330,,-1.0
32,1,158,1330,Hoochie,65.812141
32,2,265,1330,Coochie,18.779404
32,3,371,1335,*,19.922142
32,4,402,1334,52,95.814079
33,0,157,1366,,-1.0
33,1,157,1366,Sunnyland,91.006424
33,2,292,1371,©,31.758278
33,3,321,1370,$3,91.324562
34,0,158,1402,,-1.0
34,1,158,1403,My,96.619858
34,2,204,1402,Handy,96.084785
34,3,290,1403,Man,92.378738
34,4,352,1408,¢,39.814663
34,5,381,1406,53,96.638596
35,0,123,1467,,-1.0
35,1,123,1467,FouKTALes,0.0
35,2,1051,1476,s4,50.482269
36,0,157,1509,,-1.0
36,1,157,1509,All,88.86097
36,2,200,1509,God's,90.811882
36,3,274,1511,Chillen,92.332039
36,4,372,1511,Had,95.467781
36,5,428,1511,Wings,94.672791
36,6,519,1514,57,54.714031
37,0,159,1546,,-1.0
37,1,159,1547,Big,95.74221
37,2,203,1546,Talk,94.492012
37,3,271,1550,58,94.492012
38,0,159,1583,,-1.0
38,1,159,1583,Deer,96.488579
38,2,224,1583,Hunting,96.600281
38,3,330,1583,Story,96.118401
38,4,408,1586,60,96.641098
39,0,159,1619,,-1.0
39,1,159,1619,How,96.380539
39,2,221,1624,to,95.942566
39,3,251,1619,Write,96.681519
39,4,326,1626,a,95.57943
39,5,348,1620,Letter,92.941002
39,6,434,1623,60,94.739716
40,0,159,1654,,-1.0
40,1,159,1654,“'Member,81.024918
40,2,285,1655,Youse,91.65239
40,3,360,1662,a,96.83181
40,4,382,1655,Nigger”,80.269257
40,5,486,1659,61,95.919037
41,0,159,1690,,-1.0
41,1,159,1690,“Ah'll,77.259216
41,2,234,1690,Beatcher,92.315201
41,3,348,1690,Makin’,44.963573
41,4,439,1691,Money”,92.250954
41,5,545,1695,61,88.252769
42,0,158,1726,,-1.0
42,1,158,1726,Why,94.116852
42,2,221,1726,the,96.893082
42,3,267,1727,Sister,93.398468
42,4,342,1729,in,95.675476
42,5,374,1727,Black,96.439278
42,6,446,1727,Works,96.168343
42,7,531,1727,Hardest,93.640617
42,8,638,1731,64,93.640617
43,0,159,1762,,-1.0
43,1,159,1762,“De,95.649818
43,2,213,1762,Reason,93.296898
43,3,307,1764,Niggers,91.820869
43,4,405,1764,Is,95.653831
43,5,432,1763,Working,95.699249
43,6,542,1763,So,96.60569
43,7,581,1763,Hard”,90.601753
43,8,668,1768,64,96.829529
44,0,158,1798,,-1.0
44,1,158,1798,The,93.283318
44,2,213,1798,Ventriloquist,90.057266
44,3,382,1802,65,95.188408
0,0,0,0,,-1.0
0,0,141,73,,-1.0
0,0,141,73,,-1.0
1,0,857,73,,-1.0
1,1,857,73,CONTENTS,94.555542
1,2,1038,75,|,64.952438
1,3,1079,75,xt,86.041603
2,0,177,141,,-1.0
2,1,177,141,You,96.844505
2,2,228,141,Talk,95.855972
2,3,287,141,Too,96.179649
2,4,341,142,"Much,",96.200752
2,5,424,142,Anyhow,95.623871
2,6,534,147,66,95.623871
3,0,179,177,,-1.0
3,1,179,178,A,95.583374
3,2,206,177,Flying,94.739227
3,3,287,177,Fool,85.045135
3,4,353,182,66,96.773743
4,0,181,213,,-1.0
4,1,181,214,Brer,92.680038
4,2,239,213,Rabbit,96.413635
4,3,322,213,Tricks,93.292694
4,4,405,214,Brer,91.771233
4,5,464,214,Fox,96.85659
4,6,512,216,Again,92.345207
4,7,596,218,67,92.345207
5,0,179,249,,-1.0
5,1,179,249,The,96.871025
5,2,233,249,Wonderful,93.263245
5,3,371,245,Tar-,79.986839
5,4,421,245,Baby,96.380646
5,5,480,251,Story,96.282326
5,6,557,255,68,96.282326
6,0,181,285,,-1.0
6,1,181,286,How,96.610847
6,2,243,286,Mr.,96.68792
6,3,294,285,Rabbit,96.91423
6,4,377,287,Was,96.966805
6,5,434,287,Too,96.95517
6,6,487,286,Sharp,96.953979
6,7,565,286,for,96.281059
6,8,607,288,Mr.,95.318367
6,9,658,287,Fox,95.865677
6,10,712,291,69,95.865677
7,0,179,321,,-1.0
7,1,179,321,The,94.345848
7,2,233,321,Awful,96.743111
7,3,313,323,Fate,96.67292
7,4,370,322,of,96.723824
7,5,402,323,Mr.,95.93808
7,6,451,321,Wolf,89.779137
7,7,524,326,70,89.779137
8,0,180,357,,-1.0
8,1,180,357,What,96.4823
8,2,253,357,the,96.227455
8,3,299,358,Rabbit,95.964386
8,4,384,359,Learned,91.923119
8,5,498,362,72,96.466339
9,0,303,471,,-1.0
9,1,303,471,The,96.243027
9,2,377,473,Literature,95.999237
9,3,548,471,of,96.380035
9,4,595,472,Slavery,95.94104
9,5,726,473,and,95.94104
9,6,800,473,Freedom,96.633224
10,0,544,518,,-1.0
10,1,544,518,1746-1865,95.519539
11,0,143,587,,-1.0
11,1,143,588,INTRODUCTION,89.353394
11,2,347,587,75,89.353394
12,0,141,655,,-1.0
12,1,141,655,Jueirer,37.299213
12,2,276,656,HAMMON,92.10009
12,3,428,656,(1711-1790/1806),83.679787
12,4,1076,666,88,81.681755
13,0,179,698,,-1.0
13,1,179,699,An,96.066376
13,2,222,698,Evening,96.066376
13,3,323,698,Thought,89.828941
13,4,440,704,89,23.141319
14,0,179,734,,-1.0
14,1,179,735,An,96.489494
14,2,221,734,Address,96.361229
14,3,322,740,to,96.377922
14,4,353,735,Miss,96.400215
14,5,418,735,Phillis,95.72287
14,6,500,735,Wheatley,95.620148
14,7,627,740,91,95.443298
15,0,143,796,,-1.0
15,1,143,796,VENTURE,37.059921
15,2,297,797,SmitH,43.760506
15,3,408,797,(1729?—1805),81.828926
15,4,1076,808,%4,0.0
16,0,179,840,,-1.0
16,1,179,840,A,96.722481
16,2,206,840,Narrative,96.31649
16,3,326,840,of,96.108612
16,4,355,840,the,96.108612
16,5,402,840,Life,95.935516
16,6,456,840,and,95.935516
16,7,507,840,Adventures,96.140121
16,8,648,840,of,96.299698
16,9,680,842,"Venture,",96.501991
16,10,788,843,A,96.69265
16,11,815,842,Native,96.618225
17,0,215,875,,-1.0
17,1,215,875,of,96.353821
17,2,245,875,Africa:,93.754631
17,3,337,876,But,96.47303
17,4,387,876,Resident,96.882393
17,5,495,876,above,96.134125
17,6,570,877,Sixty,96.473228
17,7,636,878,Years,96.473228
17,8,708,880,in,94.916115
17,9,738,877,the,94.916115
17,10,785,877,United,96.879082
18,0,216,912,,-1.0
18,1,216,912,States,93.995941
18,2,299,908,of,96.746277
18,3,328,912,America,95.806213
18,4,440,915,95,94.387886
19,0,146,973,,-1.0
19,1,146,974,Lucy,96.543861
19,2,233,974,Terry,92.109131
19,3,342,973,(ca.,95.958672
19,4,411,975,1724-1821),77.463089
19,5,1070,984,10,80.017685
20,0,182,1017,,-1.0
20,1,182,1018,Bars,57.680092
20,2,243,1017,Fight,95.268364
20,3,322,1019,111,52.976784
21,0,144,1079,,-1.0
21,1,144,1079,Oxvaupan,11.345337
21,2,305,1080,EQuiano,89.977875
21,3,453,1080,(ca.,95.617325
21,4,525,1081,1745-1797),87.005684
21,5,1070,1089,2,68.771957
22,0,180,1122,,-1.0
22,1,180,1122,The,96.4646
22,2,236,1123,Interesting,92.220833
22,3,375,1122,Narrathe,11.340866
22,4,491,1123,of,96.910591
22,5,522,1123,the,96.864845
22,6,569,1123,Life,96.929993
22,7,623,1123,of,93.281906
22,8,653,1124,Olaudah,80.060837
22,9,766,1125,"Equiano,",61.137016
23,0,217,1158,,-1.0
23,1,217,1166,or,96.806374
23,2,248,1160,Gustavus,93.283356
23,3,368,1158,"Vassa,",92.111542
23,4,449,1159,the,96.872543
23,5,493,1159,"African,",96.410561
23,6,598,1161,Written,96.25782
23,7,698,1160,by,96.520264
23,8,734,1160,Himself,73.075897
23,9,846,1165,ti4,6.975616
24,0,201,1192,,-1.0
24,1,201,1192,Volume,94.308784
24,2,299,1193,F114,27.462143
25,0,274,1228,,-1.0
25,1,274,1228,Chapter,85.725525
25,2,379,1230,1,47.787968
25,3,406,1232,15,47.787968
26,0,275,1264,,-1.0
26,1,275,1264,Chapter,95.94339
26,2,379,1266,Il,60.538109
26,3,416,1268,124,60.538109
27,0,275,1301,,-1.0
27,1,275,1301,From,96.28054
27,2,344,1301,Chapter,96.28054
27,3,448,1302,II],41.453773
27,4,496,1304,134,71.503296
28,0,275,1336,,-1.0
28,1,275,1337,From,96.024582
28,2,344,1336,Chapter,88.993385
28,3,448,1338,1V_,44.747719
28,4,495,1341,136,95.967163
29,0,151,1398,,-1.0
29,1,151,1399,Puiiiis,0.0
29,2,281,1398,WHEATLEY,92.446724
29,3,457,1399,(1753?-1784),67.050247
29,4,1071,1409,137,68.62056
30,0,186,1442,,-1.0
30,1,186,1442,From,95.791481
30,2,256,1442,Poems,96.563217
30,3,338,1449,on,96.598633
30,4,375,1442,Various,94.852554
30,5,473,1443,"Subjects,",96.492844
30,6,589,1442,Religious,96.159752
30,7,704,1442,and,96.251694
30,8,757,1443,Moral,92.181702
30,9,846,1446,139,93.382942
31,0,276,1476,,-1.0
31,1,276,1476,Preface,90.633698
31,2,383,1481,139,93.385757
32,0,276,1512,,-1.0
32,1,276,1512,[Letter,95.30558
32,2,364,1515,Sent,96.725334
32,3,425,1514,by,94.460022
32,4,459,1514,the,94.460022
32,5,504,1514,Author's,68.456017
32,6,611,1515,Master,94.633102
32,7,701,1521,to,94.633102
32,8,731,1514,the,96.625664
32,9,779,1515,Publisher],78.014503
32,10,917,1519,140,89.823662
33,0,275,1549,,-1.0
33,1,275,1550,To,94.640388
33,2,312,1549,the,94.640388
33,3,359,1549,Publick,95.099449
33,4,466,1554,14),54.49316
34,0,276,1586,,-1.0
34,1,276,1586,To,93.254204
34,2,314,1586,Macenas,88.400879
34,3,444,1590,4t,0.0
35,0,275,1621,,-1.0
35,1,275,1622,To,95.916489
35,2,313,1621,the,96.900848
35,3,359,1623,University,96.764023
35,4,489,1617,of,96.587219
35,5,516,1622,"Cambridge,",88.787292
35,6,662,1624,in,93.187256
35,7,696,1622,New-England,87.845886
35,8,875,1627,143,86.21991
36,0,275,1657,,-1.0
36,1,275,1657,On,96.712593
36,2,322,1658,Being,96.567993
36,3,398,1658,Brought,96.062057
36,4,500,1657,from,95.938438
36,5,563,1658,Africa,93.028641
36,6,646,1665,to,96.365913
36,7,676,1660,America,90.702545
36,8,794,1662,143,91.751541
37,0,275,1693,,-1.0
37,1,275,1694,On,96.745956
37,2,321,1693,the,96.745956
37,3,368,1693,Death,96.538124
37,4,445,1689,of,96.96611
37,5,479,1689,the,96.376488
37,6,524,1695,Rev.,89.938881
37,7,582,1695,Mc.,85.791107
37,8,631,1695,George,96.801353
37,9,724,1694,Whitefield,95.647987
37,10,860,1697,1770,79.299873
37,11,932,1700,144,79.299873
38,0,275,1729,,-1.0
38,1,275,1730,To,96.273567
38,2,314,1729,the,96.841125
38,3,360,1730,Right,96.908363
38,4,433,1730,Honourable,86.204315
38,5,578,1730,"William,",96.55024
38,6,691,1730,Earl,95.101715
38,7,746,1730,of,96.470139
38,8,778,1731,"Dartmouth,",95.894997
38,9,926,1732,His,97.009941
38,10,974,1732,Majesty's,92.001709
39,0,314,1766,,-1.0
39,1,314,1766,Principal,96.433601
39,2,429,1767,Secretary,96.425674
39,3,550,1762,of,96.856705
39,4,579,1766,State,96.446465
39,5,648,1766,for,93.257126
39,6,690,1767,"North-America,",88.57238
39,7,885,1767,Etc.,93.748192
39,8,950,1770,145,93.748192
40,0,276,1802,,-1.0
40,1,276,1803,On,96.223785
40,2,323,1802,Imagination,95.993973
40,3,484,1806,146,96.25663
0,0,0,0,,-1.0
0,0,24,24,,-1.0
0,0,24,24,,-1.0
1,0,24,24,,-1.0
1,1,24,24,e,0.0
1,2,114,73,ait,43.014427
1,3,180,73,§,0.0
1,4,222,68,CONTENTS,96.273109
2,0,238,134,,-1.0
2,1,238,134,To,92.493507
2,2,276,134,S.,64.114159
2,3,309,135,M.,78.905411
2,4,348,141,a,95.218613
2,5,373,130,Young,95.218613
2,6,446,130,African,95.659935
2,7,546,135,"Painter,",89.98761
2,8,644,142,on,96.812294
2,9,682,135,Seeing,95.175293
2,10,770,135,His,96.96122
2,11,818,135,Works,96.253181
2,12,911,138,148,86.09169
3,0,239,170,,-1.0
3,1,239,170,To,93.65876
3,2,277,170,Samson,93.141983
3,3,377,171,Occom,92.324684
3,4,481,173,148,96.65155
4,0,239,205,,-1.0
4,1,239,206,To,96.729408
4,2,278,206,His,96.444283
4,3,327,205,Excellency,94.506683
4,4,460,206,General,96.347565
4,5,562,206,Washington,94.366478
4,6,723,210,149,64.047012
5,0,115,267,,-1.0
5,1,115,267,S,92.646698
5,2,147,268,(EARLY,96.164398
5,3,264,275,19TH,92.624016
5,4,344,268,CENTURY),96.388885
5,5,1037,277,151,67.233582
6,0,149,311,,-1.0
6,1,149,311,"Theresa,",96.430687
6,2,260,312,A,91.310417
6,3,287,311,Haytien,91.079109
6,4,387,311,Tale,93.723534
6,5,456,314,152,92.451096
7,0,117,367,,-1.0
7,1,117,367,Davip,80.027817
7,2,220,367,WALKER,77.796066
7,3,360,368,(1785-1830),0.0
7,4,1037,376,159,94.050354
8,0,153,410,,-1.0
8,1,153,410,David,95.256783
8,2,228,410,Walker's,54.167595
8,3,335,410,Appeal,96.220634
8,4,427,413,in,96.037827
8,5,458,411,Four,96.153458
8,6,520,410,Articles;,94.625793
8,7,626,411,Together,96.605988
8,8,740,411,with,96.767876
8,9,799,420,a,95.262161
8,10,821,411,"Preamble,",96.188148
9,0,188,446,,-1.0
9,1,188,452,to,96.827347
9,2,218,446,the,96.605171
9,3,263,446,Coloured,96.666237
9,4,381,446,Citizens,95.920555
9,5,486,446,of,96.95546
9,6,517,447,the,96.651299
9,7,562,447,World,90.222168
9,8,653,451,161,89.896034
10,0,244,482,,-1.0
10,1,244,482,Preamble,93.524208
10,2,374,486,16!,77.791489
11,0,242,518,,-1.0
11,1,242,518,Article,93.208557
11,2,333,519,"L,",40.783798
11,3,356,519,Our,93.239464
11,4,412,518,Wretchedness,86.446236
11,5,586,521,in,96.777061
11,6,617,519,Consequence,95.902443
11,7,783,518,of,96.942596
11,8,815,519,Slavery,84.176369
11,9,918,524,164,93.581017
12,0,116,574,,-1.0
12,1,116,574,Georce,87.510048
12,2,255,575,Moses,93.66468
12,3,371,575,Horton,74.685745
12,4,510,575,(1797?—1883?),48.348251
12,5,1039,584,71,84.028862
13,0,152,617,,-1.0
13,1,152,617,The,96.775368
13,2,209,618,Lover's,92.21508
13,3,299,618,Farewell,83.262383
13,4,417,621,172,83.262383
14,0,153,652,,-1.0
14,1,153,654,On,96.843132
14,2,200,652,Hearing,96.572525
14,3,301,648,of,96.719833
14,4,334,653,the,96.799515
14,5,380,654,Intention,93.773117
14,6,497,653,of,96.917679
14,7,532,648,a,96.825386
14,8,548,654,Gentleman,92.327721
14,9,688,660,to,96.945717
14,10,720,654,Purchase,96.035744
14,11,837,654,the,96.767799
15,0,192,689,,-1.0
15,1,192,689,Poet’s,79.451164
15,2,268,689,Freedom,94.481064
15,3,389,692,173,94.891548
16,0,155,724,,-1.0
16,1,155,725,Division,96.506905
16,2,260,724,of,96.899651
16,3,291,732,an,96.657661
16,4,330,725,Estate,85.848869
16,5,421,728,174,85.848869
17,0,155,761,,-1.0
17,1,155,761,George,96.727623
17,2,248,762,Moses,96.612381
17,3,332,762,"Horton,",95.993347
17,4,432,761,Myself,82.288147
17,5,530,765,175,50.64621
18,0,120,817,,-1.0
18,1,120,817,SojouRNER,83.782776
18,2,303,818,TRUTH,96.433754
18,3,418,818,(ca.,83.258896
18,4,488,818,1799-1883),56.074478
18,5,1042,827,176,94.094498
19,0,155,860,,-1.0
19,1,155,860,Ar'n't,65.961288
19,2,243,869,La,68.179947
19,3,264,861,Woman?,89.012596
19,4,386,863,178,93.947029
20,0,246,897,,-1.0
20,1,246,897,From,96.078621
20,2,314,897,The,96.078621
20,3,367,897,Anti-Slavery,96.920059
20,4,521,897,"Bugle,",95.888062
20,5,600,899,June,95.888062
20,6,664,899,"21,",96.165939
20,7,711,899,1851,53.500748
20,8,781,900,178,73.564308
21,0,246,932,,-1.0
21,1,246,933,From,96.353775
21,2,315,932,The,96.944183
21,3,371,933,Narrative,95.931908
21,4,489,932,of,96.812645
21,5,521,933,Sojourner,96.14489
21,6,643,933,"Truth,",96.590767
21,7,731,935,1878,67.095421
21,8,804,937,178,67.095421
22,0,122,989,,-1.0
22,1,122,989,Maria,90.352249
22,2,234,989,W.,92.851669
22,3,288,989,Stewart,0.0
22,4,439,990,(1803-1879),74.339531
22,5,1042,998,ish,33.225914
23,0,158,1031,,-1.0
23,1,158,1032,Religion,96.442749
23,2,262,1031,and,96.955467
23,3,314,1031,the,96.955467
23,4,360,1032,Pure,97.014404
23,5,425,1032,Principles,96.86113
23,6,549,1031,of,96.851601
23,7,582,1032,"Morality,",95.554352
23,8,697,1032,the,96.950287
24,0,194,1067,,-1.0
24,1,194,1068,Sure,96.806618
24,2,257,1067,Foundation,96.199463
24,3,399,1076,on,96.367455
24,4,437,1068,Which,95.820297
24,5,523,1069,We,96.06221
24,6,571,1069,Must,96.06221
24,7,640,1068,Build,92.527649
24,8,722,1072,182,92.527649
25,0,249,1103,,-1.0
25,1,249,1103,Introduction,90.831413
25,2,416,1107,182,90.831413
26,0,159,1139,,-1.0
26,1,159,1139,Lecture,96.86171
26,2,259,1139,Delivered,96.711517
26,3,379,1145,at,95.506592
26,4,409,1139,the,95.506592
26,5,456,1140,Franklin,96.877144
26,6,566,1140,"Hall,",96.296524
26,7,633,1140,"Boston,",96.787552
27,0,194,1175,,-1.0
27,1,194,1175,September,96.597145
27,2,329,1177,"21,",95.993828
27,3,375,1177,1832,82.922005
27,4,447,1179,183,82.922005
28,0,123,1231,,-1.0
28,1,123,1231,SoLtomon,11.961761
28,2,283,1232,Norruup,26.713516
28,3,440,1232,(1807—?),69.68116
28,4,1043,1241,186,41.204319
29,0,249,1275,,-1.0
29,1,249,1275,From,94.594788
29,2,316,1275,Twelve,94.594788
29,3,405,1275,Years,95.689697
29,4,475,1284,a,95.689697
29,5,497,1275,Slave,94.182358
29,6,577,1280,190,89.427902
30,0,124,1331,,-1.0
30,1,124,1331,Martin,86.85894
30,2,260,1332,R.,90.002647
30,3,306,1332,Decany,60.321632
30,4,439,1332,(1812—1885),73.108536
30,5,1044,1340,198,91.52607
31,0,158,1373,,-1.0
31,1,158,1373,The,96.80587
31,2,213,1373,"Condition,",96.895226
31,3,350,1374,"Elevation,",96.776115
31,4,476,1375,Emigration,96.472168
31,5,615,1374,and,96.680649
31,6,668,1376,Destiny,96.884033
31,7,764,1374,of,96.884033
31,8,795,1375,the,96.829239
32,0,195,1409,,-1.0
32,1,195,1409,Colored,96.642326
32,2,298,1410,People,96.485367
32,3,383,1409,of,96.986198
32,4,414,1410,the,96.511078
32,5,461,1410,United,96.714302
32,6,549,1410,States,95.585686
32,7,636,1414,201,95.585686
33,0,249,1445,,-1.0
33,1,249,1446,Chapter,94.289398
33,2,355,1446,1.,69.946899
33,3,378,1446,Condition,96.557274
33,4,505,1445,of,97.006691
33,5,537,1448,Many,97.001213
33,6,610,1446,Classes,96.231567
33,7,707,1449,in,95.692566
33,8,739,1448,Europe,96.603386
34,0,287,1481,,-1.0
34,1,287,1481,Considered,96.342972
34,2,437,1485,201,96.342972
35,0,250,1517,,-1.0
35,1,250,1517,Chapter,96.229767
35,2,356,1519,Il.,36.285015
35,3,389,1518,Comparative,96.445801
35,4,547,1518,Condition,96.077515
35,5,674,1518,of,96.077515
35,6,705,1519,the,96.844353
35,7,750,1518,Colored,96.940887
36,0,288,1553,,-1.0
36,1,288,1554,People,96.447678
36,2,372,1553,of,96.481377
36,3,404,1554,the,96.94873
36,4,451,1554,United,96.669998
36,5,539,1554,States,95.825851
36,6,626,1557,202,95.839691
37,0,251,1589,,-1.0
37,1,251,1589,Chapter,93.21035
37,2,354,1590,V.,93.004295
37,3,386,1590,Means,96.875
37,4,472,1589,of,96.886703
37,5,505,1590,Elevation,92.352493
37,6,630,1594,209,96.521294
38,0,251,1625,,-1.0
38,1,251,1625,Chapter,90.477524
38,2,354,1627,XXII.,47.779232
38,3,435,1626,Things,96.909523
38,4,526,1634,as,96.94989
38,5,557,1626,They,96.240593
38,6,623,1628,Are,88.70282
38,7,683,1630,213,94.495575
39,0,251,1661,,-1.0
39,1,251,1661,Chapter,96.37336
39,2,354,1662,XXIV.,89.509453
39,3,432,1663,A,94.656776
39,4,458,1662,Glance,95.239372
39,5,549,1668,at,93.193634
39,6,579,1662,Ourselves—Conclusion,89.798256
39,7,875,1666,216,94.139374
40,0,126,1718,,-1.0
40,1,126,1718,Harrier,56.002239
40,2,270,1719,Jacoss,69.937263
40,3,392,1719,(ca.,95.813347
40,4,462,1719,1813-1897),66.767426
40,5,1043,1726,221,90.241051
41,0,163,1760,,-1.0
41,1,163,1760,Incidents,96.695236
41,2,280,1764,in,96.687721
41,3,311,1760,the,96.687721
41,4,357,1760,Life,96.78019
41,5,411,1760,of,96.906639
41,6,444,1756,a,96.836655
41,7,463,1761,Slave,96.013519
41,8,531,1761,Girl,94.294144
41,9,594,1765,224,94.294144
42,0,254,1796,,-1.0
42,1,254,1796,Preface,95.856209
42,2,357,1800,224,96.601059
0,0,0,0,,-1.0
0,0,151,76,,-1.0
0,0,151,76,,-1.0
1,0,845,76,,-1.0
1,1,845,76,CONTENTS,95.02137
1,2,1023,80,|,72.574265
1,3,1065,81,xtll,0.0
2,0,277,144,,-1.0
2,1,277,144,I.,78.507507
2,2,299,144,Childhood,85.961777
2,3,443,149,224,96.504646
3,0,278,180,,-1.0
3,1,278,181,Ul.,42.276482
3,2,309,180,The,95.829636
3,3,368,182,New,96.608604
3,4,428,183,Master,95.951202
3,5,517,182,and,95.951202
3,6,570,183,Mistress,93.815826
3,7,685,186,227,93.815826
4,0,276,216,,-1.0
4,1,276,217,V.,92.669685
4,2,305,216,The,96.989799
4,3,359,217,Trials,92.668205
4,4,436,216,of,96.009048
4,5,466,217,Girlhood,95.390907
4,6,588,222,230,95.875053
5,0,276,253,,-1.0
5,1,276,253,X.,90.514885
5,2,308,254,A,96.583443
5,3,335,253,Perilous,65.416458
5,4,440,254,Passage,96.861595
5,5,538,257,in,96.736115
5,6,569,254,the,96.511009
5,7,614,254,Slave,96.757637
5,8,683,254,Girl's,85.045593
5,9,755,254,Life,84.568665
5,10,818,258,233,84.568665
6,0,276,288,,-1.0
6,1,276,289,XI.,16.675903
6,2,330,290,Fear,96.917694
6,3,389,288,of,96.957802
6,4,422,290,Insurrection,96.178322
6,5,584,294,236,96.489449
7,0,276,325,,-1.0
7,1,276,326,XIV.,94.262527
7,2,335,325,Another,96.793564
7,3,441,326,Link,96.184944
7,4,503,332,to,96.184944
7,5,535,326,Life,95.488274
7,6,596,330,239,95.488274
8,0,276,361,,-1.0
8,1,276,361,XVIL.,75.237854
8,2,353,355,The,96.869934
8,3,404,361,Flight,89.372345
8,4,489,365,241,89.372345
9,0,276,396,,-1.0
9,1,276,396,XXI.,72.750931
9,2,336,396,The,96.843094
9,3,394,397,Loophole,95.021271
9,4,509,392,of,96.869041
9,5,545,397,Retreat,78.844498
9,6,644,402,243,78.844498
10,0,277,433,,-1.0
10,1,277,433,XXIX.,89.412033
10,2,357,434,Preparations,96.58345
10,3,515,434,for,96.817574
10,4,557,434,Escape,96.293686
10,5,654,438,246,96.104851
11,0,276,468,,-1.0
11,1,276,469,XXXIX.,87.342026
11,2,379,464,The,96.549255
11,3,428,468,Confession,91.706223
11,4,576,473,251,91.706223
12,0,277,504,,-1.0
12,1,277,505,XL.,95.903763
12,2,327,504,The,96.806664
12,3,383,506,Fugitive,95.505325
12,4,484,506,Slave,95.505325
12,5,555,507,Law,92.901779
12,6,619,510,253,92.901779
13,0,277,540,,-1.0
13,1,277,540,XLI.,66.581253
13,2,339,542,Free,95.920723
13,3,398,547,at,95.920723
13,4,429,542,Last,92.09301
13,5,494,545,256,92.09301
14,0,151,613,,-1.0
14,1,151,614,Wictiam,0.0
14,2,301,613,WELLS,87.660973
14,3,420,615,Brown,93.038414
14,4,542,617,(1814?—1884),75.708725
14,5,1069,626,261,58.139107
15,0,189,656,,-1.0
15,1,189,657,Narrative,93.960358
15,2,307,657,of,96.268951
15,3,338,656,William,92.656181
15,4,440,659,W.,91.214638
15,5,482,659,"Brown,",96.776588
15,6,573,666,a,65.019478
15,7,596,659,Fugitive,96.659912
15,8,697,660,Slave,95.318352
15,9,774,663,263,95.318352
16,0,278,693,,-1.0
16,1,278,693,Chapter,92.450577
16,2,381,694,V,91.559242
16,3,414,698,263,86.732246
17,0,279,728,,-1.0
17,1,279,729,From,95.928268
17,2,346,728,Chapter,95.928268
17,3,450,731,VI,59.255123
17,4,494,732,264,59.255123
18,0,188,764,,-1.0
18,1,188,764,Clotel;,91.716972
18,2,274,772,"or,",96.925575
18,3,312,765,The,96.98793
18,4,368,766,President's,43.818665
18,5,503,767,Daughter,94.806175
18,6,629,769,270,95.189812
19,0,278,800,,-1.0
19,1,278,800,Chapter,96.737267
19,2,383,802,I.,80.599236
19,3,406,801,The,96.338516
19,4,462,803,Negro,95.480652
19,5,541,801,Sale,94.079788
19,6,608,804,270,94.079788
20,0,278,836,,-1.0
20,1,278,836,Chapter,93.252335
20,2,383,838,[1.,59.795845
20,3,416,838,Going,79.1101
20,4,496,844,to,96.396996
20,5,527,838,the,96.396996
20,6,573,839,South,94.662621
20,7,659,841,275,94.662621
21,0,278,872,,-1.0
21,1,278,873,Chapter,96.810822
21,2,383,872,IV.,84.512474
21,3,422,874,The,88.092041
21,4,477,874,Quadroon’s,78.689667
21,5,621,876,Home,96.019623
21,6,707,877,279,96.019623
22,0,278,908,,-1.0
22,1,278,908,Chapter,96.437012
22,2,381,910,XV.,93.149506
22,3,429,910,To-Day,92.711136
22,4,522,918,a,96.92984
22,5,544,912,"Mistress,",92.965271
22,6,658,911,To-Morrow,89.248123
22,7,799,918,a,91.241768
22,8,820,910,Slave,96.732605
22,9,898,914,281,95.387909
23,0,279,945,,-1.0
23,1,279,945,Chapter,96.515648
23,2,381,946,XIX.,96.515648
23,3,444,946,Escape,96.162415
23,4,531,931,of,93.305923
23,5,563,945,Clotel,91.950546
23,6,652,950,283,96.332466
24,0,154,1018,,-1.0
24,1,154,1019,Henry,95.224823
24,2,270,1018,HIGHLAND,95.449463
24,3,441,1019,GARNET,93.247322
24,4,578,1020,(1815—1882),60.036346
24,5,1068,1030,290,95.262283
25,0,188,1061,,-1.0
25,1,188,1062,An,95.510399
25,2,230,1061,Address,94.651817
25,3,332,1067,to,94.879883
25,4,362,1061,the,94.879883
25,5,407,1061,Slaves,96.318718
25,6,488,1057,of,96.272369
25,7,519,1062,the,96.272369
25,8,566,1062,United,96.776451
25,9,653,1064,States,95.837692
25,10,738,1057,of,95.837692
25,11,763,1062,America,92.621117
25,12,878,1066,291,62.535946
26,0,152,1134,,-1.0
26,1,152,1134,Vieror,76.110764
26,2,276,1134,Séyour,62.281525
26,3,398,1134,(1817-1874),77.835136
26,4,1070,1146,296,92.591766
27,0,187,1177,,-1.0
27,1,187,1177,The,92.756218
27,2,245,1178,Mulatto,90.518646
27,3,354,1180,298,96.34346
28,0,155,1251,,-1.0
28,1,155,1251,Evizasetn,41.483719
28,2,335,1252,Hopes,68.137192
28,3,448,1253,KECKLEY,11.378769
28,4,596,1254,(ca.,95.430229
28,5,666,1255,1818-1907),38.403591
28,6,1072,1263,309,86.630112
29,0,191,1293,,-1.0
29,1,191,1293,Behind,96.92955
29,2,283,1294,the,96.774223
29,3,327,1293,Scenes;,96.726555
29,4,424,1303,"or,",96.37941
29,5,462,1296,Thirty,96.618179
29,6,545,1296,Years,96.325211
29,7,615,1304,a,96.504448
29,8,636,1297,Slave,96.504448
29,9,705,1297,and,96.830971
29,10,758,1298,Four,96.938629
29,11,819,1299,Years,96.546661
29,12,891,1302,in,96.546661
30,0,226,1329,,-1.0
30,1,226,1329,the,95.642342
30,2,271,1330,White,96.927948
30,3,353,1332,House,94.753792
30,4,445,1332,310,94.753792
31,0,279,1365,,-1.0
31,1,279,1365,Chapter,96.519875
31,2,384,1368,I.,59.108006
31,3,408,1367,Where,95.965111
31,4,496,1369,|,88.657715
31,5,512,1369,Was,95.739998
31,6,571,1369,Born,86.305283
31,7,645,1372,310,84.544144
32,0,280,1403,,-1.0
32,1,280,1403,Chapter,96.902245
32,2,385,1403,"II,",62.771111
32,3,418,1403,Girlhood,88.878998
32,4,531,1404,and,95.923393
32,5,584,1404,Its,71.853745
32,6,620,1404,Sorrows,94.17849
32,7,734,1409,314,94.17849
33,0,280,1438,,-1.0
33,1,280,1438,Chapter,96.299248
33,2,384,1439,II].,41.206013
33,3,430,1440,How,96.297348
33,4,492,1440,1,88.8125
33,5,509,1440,Gained,96.464211
33,6,603,1442,My,96.752258
33,7,649,1441,Freedom,93.1922
33,8,768,1445,317,93.1922
34,0,280,1474,,-1.0
34,1,280,1474,Chapter,94.716209
34,2,385,1476,IV.,94.663231
34,3,426,1476,In,81.396767
34,4,459,1476,the,95.827957
34,5,505,1476,Family,96.718964
34,6,591,1475,of,96.744217
34,7,627,1469,Senator,96.948746
34,8,721,1469,Jefferson,95.949112
34,9,834,1475,Davis,93.003075
34,10,918,1479,323,93.003075
35,0,155,1547,,-1.0
35,1,155,1547,Frepericx,43.960846
35,2,336,1548,Douctass,12.660843
35,3,506,1550,(1818-1895),60.528019
35,4,1073,1559,326,96.452652
36,0,191,1590,,-1.0
36,1,191,1591,Narrative,95.925659
36,2,309,1590,of,96.075142
36,3,340,1591,the,96.959908
36,4,387,1590,Life,96.393181
36,5,440,1591,of,96.393181
36,6,473,1592,Frederick,96.032394
36,7,593,1593,"Douglass,",93.61203
36,8,714,1602,an,95.999962
36,9,751,1593,American,96.663498
36,10,875,1590,"Slave,",96.584335
37,0,226,1626,,-1.0
37,1,226,1628,Written,96.353889
37,2,325,1626,by,96.243797
37,3,361,1628,Himself,92.267387
37,4,471,1631,330,92.267387
38,0,191,1662,,-1.0
38,1,191,1663,My,96.719086
38,2,237,1662,Bondage,96.719086
38,3,345,1663,and,96.85598
38,4,398,1664,My,96.977951
38,5,443,1664,Freedom,95.309555
38,6,564,1668,393,95.309555
39,0,280,1698,,-1.0
39,1,280,1698,Chapter,96.450241
39,2,384,1700,XXIII.,87.328445
39,3,466,1700,Introduced,95.399323
39,4,603,1707,to,94.824219
39,5,635,1701,the,93.288689
39,6,679,1701,Abolitionists,92.524521
39,7,846,1706,393,94.831032
40,0,280,1734,,-1.0
40,1,280,1734,Chapter,95.779869
40,2,383,1736,XXIV.,56.772694
40,3,460,1737,Twenty-One,92.716797
40,4,614,1737,Months,96.224068
40,5,713,1740,in,96.224068
40,6,743,1737,Great,96.904945
40,7,819,1739,Britain,91.134041
40,8,919,1742,396,91.134041
41,0,191,1770,,-1.0
41,1,191,1770,From,96.738441
41,2,259,1770,What,96.156258
41,3,332,1776,to,96.69651
41,4,363,1771,the,96.879219
41,5,408,1771,Slave,96.44091
41,6,479,1773,Is,77.45565
41,7,507,1772,the,95.437004
41,8,554,1773,Fourth,96.110619
41,9,641,1772,of,93.305901
41,10,670,1772,July?:,89.062263
41,11,743,1775,An,96.958244
41,12,784,1773,Address,96.628838
41,13,887,1775,Delivered,96.753227
42,0,227,1806,,-1.0
42,1,227,1809,in,97.012314
42,2,259,1806,"Rochester,",96.305435
42,3,391,1807,New,96.915794
42,4,450,1808,"York,",95.511726
42,5,518,1815,on,95.511726
42,6,557,1810,5,96.189751
42,7,576,1808,July,96.433128
42,8,635,1810,1852,91.295898
42,9,704,1813,402,91.295898
0,0,0,0,,-1.0
0,0,24,24,,-1.0
0,0,24,24,,-1.0
1,0,24,24,,-1.0
1,1,24,24,p,0.0
1,2,121,76,sty,50.985558
1,3,194,76,|,51.426834
1,4,234,71,CONTENTS,90.914062
2,0,156,136,,-1.0
2,1,156,137,Life,96.819839
2,2,210,138,and,96.5467
2,3,260,138,Times,96.321999
2,4,341,136,of,96.321999
2,5,373,138,Frederick,96.336586
2,6,494,138,Douglass,95.854118
2,7,615,141,413,95.854118
3,0,246,173,,-1.0
3,1,246,173,Second,96.816292
3,2,341,174,Part,96.914841
3,3,393,173,from,96.505035
3,4,460,173,Chapter,96.675621
3,5,562,174,XV.,96.325089
3,6,612,173,Weighed,96.92701
3,7,723,176,in,96.101639
3,8,755,173,the,96.101639
3,9,801,173,Balance,95.611671
3,10,909,177,413,93.682671
4,0,245,209,,-1.0
4,1,245,209,Third,90.789345
4,2,322,209,Part,96.489632
4,3,378,209,Chapter,96.128433
4,4,487,211,"1,",61.137131
4,5,512,210,Later,96.559509
4,6,583,209,Life,96.559509
4,7,645,213,419,95.574471
5,0,117,271,,-1.0
5,1,117,272,James,93.081009
5,2,226,271,M.,83.016624
5,3,279,271,WuitFiecp,33.270042
5,4,466,271,(1822-1871),0.0
5,5,1037,279,422,96.117378
6,0,156,315,,-1.0
6,1,156,315,America,96.379204
6,2,270,317,423,96.409195
7,0,158,349,,-1.0
7,1,158,349,Self-Reliance,96.247688
7,2,329,353,427,96.542374
8,0,121,411,,-1.0
8,1,121,413,Wintiam,18.415985
8,2,272,411,Crart,72.700417
8,3,385,411,(1824-1900),23.388176
8,4,573,420,AND,96.20697
9,0,159,448,,-1.0
9,1,159,449,Even,7.325684
9,2,270,449,Crart,82.429657
9,3,383,448,(1826-1891),65.965454
9,4,1039,456,429,95.831612
10,0,159,490,,-1.0
10,1,159,491,From,95.864342
10,2,228,492,Running,94.639778
10,3,340,486,a,95.990105
10,4,358,490,Thousand,96.795876
10,5,486,491,Miles,96.377129
10,6,560,490,for,96.600319
10,7,601,491,Freedom,90.480003
10,8,720,495,431,89.511917
11,0,125,552,,-1.0
11,1,125,553,Frances,93.097771
11,2,273,553,E.,92.244469
11,3,317,553,W.,91.771309
11,4,372,553,Harper,83.617935
11,5,507,553,(ca.,95.049461
11,6,577,552,1825-1911),54.201424
11,7,1039,561,445,95.495857
12,0,160,596,,-1.0
12,1,160,596,Ethiopia,67.73423
12,2,275,600,448,95.633408
13,0,161,631,,-1.0
13,1,161,631,Eliza,96.797302
13,2,227,632,Harris,95.96463
13,3,318,635,449,96.149422
14,0,159,667,,-1.0
14,1,159,667,The,96.918236
14,2,214,667,Slave,95.752159
14,3,285,667,Mother,96.587898
14,4,387,671,450,96.587898
15,0,160,704,,-1.0
15,1,160,704,Vashtl,61.605927
15,2,249,707,451,96.106369
16,0,162,739,,-1.0
16,1,162,740,Bury,96.478416
16,2,227,740,Me,90.045891
16,3,273,741,in,78.953873
16,4,303,747,a,78.953873
16,5,325,740,Free,96.458885
16,6,386,739,Land,95.660667
16,7,461,743,453,95.440697
17,0,161,775,,-1.0
17,1,161,776,Aunt,96.776817
17,2,227,775,Chloe's,63.225136
17,3,323,775,Politics,96.253525
17,4,423,779,454,96.578438
18,0,162,811,,-1.0
18,1,162,812,Learning,95.873108
18,2,278,816,to,95.837479
18,3,310,811,Read,93.960999
18,4,383,814,455,93.960999
19,0,161,847,,-1.0
19,1,161,849,A,95.794464
19,2,188,847,Double,95.794464
19,3,281,847,Standard,95.294418
19,4,404,850,456,96.744675
20,0,163,882,,-1.0
20,1,163,884,Songs,96.630058
20,2,240,882,for,96.334656
20,3,281,883,the,96.334656
20,4,327,883,People,96.277428
20,5,420,887,457,95.532913
21,0,162,919,,-1.0
21,1,162,921,An,94.881454
21,2,204,919,Appeal,94.881454
21,3,294,924,to,96.073845
21,4,326,920,My,96.562042
21,5,370,920,Country,96.828979
21,6,476,920,Women,94.324257
21,7,582,923,458,94.324257
22,0,162,954,,-1.0
22,1,162,955,The,96.517143
22,2,215,955,Two,96.974945
22,3,272,954,Offers,95.888573
22,4,363,959,460,95.888573
23,0,162,992,,-1.0
23,1,162,992,Our,96.394829
23,2,218,992,Greatest,96.301979
23,3,327,992,Want,92.261177
23,4,405,996,466,92.261177
24,0,164,1027,,-1.0
24,1,164,1027,Fancy,96.374016
24,2,242,1027,Etchings,95.759552
24,3,361,1031,468,96.35466
25,0,255,1062,,-1.0
25,1,255,1062,[Enthusiasm,87.942657
25,2,411,1062,and,96.700493
25,3,464,1062,Lofty,96.205849
25,4,534,1062,Aspirations],49.098396
25,5,693,1067,468,96.215988
26,0,164,1099,,-1.0
26,1,164,1099,Woman's,3.469818
26,2,279,1099,Political,96.233841
26,3,385,1100,Future,95.880226
26,4,479,1103,470,95.676643
27,0,130,1161,,-1.0
27,1,130,1161,Harrier,60.914082
27,2,277,1161,E.,88.823685
27,3,321,1161,Witson,86.983116
27,4,455,1161,(1825-1900),80.534554
27,5,1046,1169,472,94.260895
28,0,165,1203,,-1.0
28,1,165,1204,Our,96.900543
28,2,222,1205,Nig;,96.68718
28,3,277,1211,"or,",96.525719
28,4,317,1203,Sketches,96.870102
28,5,429,1203,from,95.503777
28,6,494,1203,the,95.503777
28,7,540,1203,Life,96.865715
28,8,593,1203,of,96.232735
28,9,624,1212,a,96.232735
28,10,646,1205,Free,52.676128
28,11,707,1203,"Black,",96.799362
28,12,788,1206,in,85.776131
28,13,818,1212,a,85.776131
29,0,200,1239,,-1.0
29,1,200,1240,Two-Story,90.323036
29,2,329,1239,White,96.775322
29,3,411,1240,"House,",96.079582
29,4,503,1239,North,96.079582
29,5,588,1244,474,96.591492
30,0,257,1275,,-1.0
30,1,257,1275,Preface,95.967377
30,2,361,1279,474,96.096283
31,0,256,1311,,-1.0
31,1,256,1311,Chapter,96.774307
31,2,361,1313,|.,72.634399
31,3,386,1313,Mag,96.469139
31,4,446,1311,"Smith,",96.801132
31,5,533,1313,My,96.530518
31,6,579,1312,Mother,95.700111
31,7,681,1314,474,95.980553
32,0,256,1347,,-1.0
32,1,256,1347,Chapter,96.442596
32,2,362,1348,II.,58.0597
32,3,396,1348,My,95.576309
32,4,442,1347,Father's,17.007942
32,5,543,1347,Death,96.661079
32,6,630,1352,477,96.661079
33,0,257,1383,,-1.0
33,1,257,1383,Chapter,96.68222
33,2,362,1383,[1].,70.827843
33,3,418,1385,A,95.855347
33,4,432,1384,New,95.855347
33,5,494,1383,Home,96.920906
33,6,572,1383,for,95.987823
33,7,613,1384,Me,96.410912
33,8,666,1387,480,96.410912
34,0,258,1419,,-1.0
34,1,258,1419,From,96.498909
34,2,326,1419,Chapter,82.903564
34,3,430,1421,VIII.,78.060516
34,4,494,1421,Visitor,96.760963
34,5,579,1419,and,96.797226
34,6,632,1421,Departure,92.966141
34,7,768,1422,48%,89.026779
35,0,257,1455,,-1.0
35,1,257,1455,Chapter,93.189011
35,2,361,1456,X.,90.700226
35,3,395,1455,Perplexities.—Another,58.707657
35,4,672,1455,Death,95.544571
35,5,759,1460,487,96.104492
36,0,257,1491,,-1.0
36,1,257,1491,Chapter,93.221291
36,2,360,1492,XIL.,77.654556
36,3,413,1491,The,96.588997
36,4,468,1491,Winding,95.589905
36,5,580,1491,Up,96.597267
36,6,621,1491,of,96.988632
36,7,653,1491,the,96.772926
36,8,699,1492,Matter,96.561546
36,9,795,1495,490,96.561546
37,0,133,1553,,-1.0
37,1,133,1553,Hannan,78.167587
37,2,275,1553,Crarts,62.398605
37,3,407,1553,(HANNAH,91.737839
37,4,564,1553,Bonp),71.231262
37,5,672,1553,(1826—?),78.991119
37,6,1049,1562,492,94.271027
38,0,167,1596,,-1.0
38,1,167,1596,The,93.298996
38,2,223,1596,Bondswoman’s,59.706337
38,3,407,1597,Narrative,96.685982
38,4,533,1600,494,96.0868
39,0,259,1631,,-1.0
39,1,259,1632,From,95.025345
39,2,328,1632,Chapter,95.025345
39,3,436,1635,1,91.413231
39,4,455,1631,[In,80.345764
39,5,496,1631,Childhood],91.232033
39,6,647,1635,494,96.598915
40,0,260,1668,,-1.0
40,1,260,1668,From,96.072105
40,2,329,1668,Chapter,96.072105
40,3,437,1670,12,96.094643
40,4,470,1668,[A,96.312111
40,5,504,1669,New,96.794334
40,6,566,1668,Mistress},81.485298
40,7,690,1671,495,95.547974
41,0,260,1704,,-1.0
41,1,260,1704,From,96.342056
41,2,329,1704,Chapter,96.447556
41,3,437,1706,13,96.70533
41,4,471,1704,[The,93.301933
41,5,534,1704,Beautifying,92.160286
41,6,681,1704,Powder),63.341164
41,7,791,1708,498,94.870056
42,0,260,1739,,-1.0
42,1,260,1740,From,96.06395
42,2,329,1739,Chapter,96.06395
42,3,433,1742,21,96.383247
42,4,470,1739,[In,91.762764
42,5,512,1739,Freedom),93.399689
42,6,639,1743,$02,90.868607
0,0,0,0,,-1.0
0,0,120,75,,-1.0
0,0,120,75,,-1.0
1,0,827,75,,-1.0
1,1,827,75,CONTENTS,94.79232
1,2,1007,78,|,72.2668
1,3,1047,81,av,72.306602
2,0,332,205,,-1.0
2,1,332,206,Literature,96.092773
2,2,502,205,of,96.092773
2,3,549,206,the,96.252144
2,4,617,208,Reconstruction,96.100296
3,0,257,249,,-1.0
3,1,257,254,to,94.816643
3,2,306,249,the,95.946991
3,3,372,251,New,96.686981
3,4,456,251,Negro,96.349037
3,5,567,252,"Renaissance,",96.487595
3,6,785,254,1865-1919,95.128342
4,0,120,320,,-1.0
4,1,120,320,INTRODUCTION,91.951935
4,2,322,320,505,95.641357
5,0,120,390,,-1.0
5,1,120,390,Nicuotas,43.485329
5,2,284,391,Satp,27.510849
5,3,368,393,(ca.,92.757751
5,4,439,392,1833-1882),70.585594
5,5,1037,403,520,68.922256
6,0,155,432,,-1.0
6,1,155,434,A,96.52536
6,2,182,433,Native,96.193382
6,3,264,432,of,93.146744
6,4,296,434,Bornoo,92.825325
6,5,398,437,522,95.630951
7,0,120,497,,-1.0
7,1,120,497,Cuarcotte,61.050278
7,2,316,498,Forten,88.58844
7,3,443,500,Grime,40.370579
7,4,580,501,(1837—1914),35.339409
7,5,1037,512,534,76.769119
8,0,155,541,,-1.0
8,1,155,542,A,96.864182
8,2,182,541,Parting,65.586739
8,3,277,542,Hymn,67.026825
8,4,365,545,535,67.026825
9,0,153,577,,-1.0
9,1,153,577,Journuls,64.636688
9,2,269,581,$36,92.165154
10,0,247,613,,-1.0
10,1,247,613,From,96.472839
10,2,315,609,Journal,95.6903
10,3,420,609,One,94.697876
10,4,477,617,534,72.37159
11,0,247,650,,-1.0
11,1,247,650,From,96.167068
11,2,313,646,Journal,94.46373
11,3,417,646,Three,94.860207
11,4,497,654,54),78.282951
12,0,122,713,,-1.0
12,1,122,713,Booker,81.481888
12,2,253,714,T.,89.456352
12,3,296,715,WasHINGTON,67.579102
12,4,510,717,(1856-1915),54.276176
12,5,1037,728,548,66.144028
13,0,158,756,,-1.0
13,1,158,757,Up,96.859039
13,2,200,756,from,94.640472
13,3,264,757,Slavery,96.114609
13,4,365,761,550,96.213348
14,0,247,792,,-1.0
14,1,247,792,Chapter,96.802246
14,2,351,795,I.,80.35247
14,3,374,796,A,95.734993
14,4,401,794,Slave,95.734993
14,5,469,803,among,96.575356
14,6,555,795,Slaves,71.923546
14,7,644,799,550,71.923546
15,0,247,828,,-1.0
15,1,247,828,Chapter,96.553497
15,2,351,831,Il.,63.843983
15,3,386,830,Boyhood,96.045456
15,4,497,831,Days,83.656906
15,5,569,834,587,38.159714
16,0,247,864,,-1.0
16,1,247,864,Chapter,96.328217
16,2,351,866,HI.,68.256493
16,3,394,866,The,95.651413
16,4,449,866,Struggle,94.305031
16,5,557,866,for,91.86821
16,6,596,875,an,91.86821
16,7,635,867,Education,89.363304
16,8,771,872,564,82.556671
17,0,247,900,,-1.0
17,1,247,900,Chapter,92.118156
17,2,350,903,XIV.,74.730553
17,3,408,902,The,96.521446
17,4,462,902,Atlanta,96.64064
17,5,558,905,Exposition,96.777222
17,6,690,903,Address,81.184875
17,7,800,908,572,81.184875
18,0,121,965,,-1.0
18,1,121,965,Cuarces,31.386429
18,2,273,966,W.,88.902954
18,3,327,965,Cresnutt,0.0
18,4,501,968,(1858-1932),0.0
18,5,1038,979,580,93.30545
19,0,156,1008,,-1.0
19,1,156,1008,The,92.890495
19,2,211,1009,Goophered,90.855095
19,3,348,1011,Grapevine,92.284248
19,4,487,1014,382,92.284248
20,0,156,1044,,-1.0
20,1,156,1044,‘The,78.870728
20,2,213,1045,Passing,95.359962
20,3,306,1044,of,93.255783
20,4,338,1046,Grandison,92.280197
20,5,479,1049,591,84.403465
21,0,156,1080,,-1.0
21,1,156,1080,The,95.0028
21,2,210,1080,Wife,96.241783
21,3,275,1081,of,96.940514
21,4,307,1082,His,95.581223
21,5,354,1082,Youth,95.056961
21,6,437,1085,602,96.806381
22,0,159,1117,,-1.0
22,1,159,1117,Dave's,92.542946
22,2,240,1117,Neckliss,82.770096
22,3,355,1122,610,94.565865
23,0,120,1182,,-1.0
23,1,120,1182,ANNA,88.424362
23,2,215,1183,JuLia,60.745956
23,3,312,1182,Cooper,61.313957
23,4,446,1184,(1858?—1964),72.609512
23,5,1040,1196,618,85.763206
24,0,157,1225,,-1.0
24,1,157,1225,Womanhood,96.071281
24,2,315,1234,a,92.587624
24,3,336,1226,Vital,79.803558
24,4,401,1226,Element,96.799843
24,5,506,1229,in,96.580284
24,6,536,1227,the,96.743179
24,7,583,1228,Regeneration,17.659691
24,8,746,1229,and,95.582359
25,0,195,1260,,-1.0
25,1,195,1261,Progress,96.690292
25,2,302,1260,of,96.741081
25,3,336,1256,a,95.261345
25,4,355,1263,Race,93.16993
25,5,426,1266,619,93.801888
26,0,124,1325,,-1.0
26,1,124,1325,Pautine,27.647385
26,2,265,1326,E.,83.735222
26,3,310,1328,Hopkins,51.84874
26,4,455,1328,(1859-1930),32.035416
26,5,1038,1339,633,93.31324
27,0,156,1369,,-1.0
27,1,156,1369,‘Tulma,36.948181
27,2,238,1369,Gordon,95.873886
27,3,343,1373,635,95.097153
28,0,159,1405,,-1.0
28,1,159,1405,Bro’r,39.014534
28,2,222,1405,Abe'm,28.084068
28,3,298,1406,Jimson's,41.0746
28,4,403,1406,Wedding,90.680405
28,5,524,1410,645,89.311852
29,0,159,1441,,-1.0
29,1,159,1441,Famous,96.633171
29,2,260,1442,Men,96.29451
29,3,313,1437,of,96.580978
29,4,350,1441,the,96.839661
29,5,398,1443,Negro,96.364082
29,6,478,1443,Race,89.871918
29,7,549,1446,656,94.048386
30,0,249,1477,,-1.0
30,1,249,1477,Booker,93.083694
30,2,338,1478,T.,85.294983
30,3,369,1478,Washington,96.074516
30,4,526,1482,656,90.319321
31,0,159,1514,,-1.0
31,1,159,1514,Famous,96.358017
31,2,258,1514,Women,95.970665
31,3,355,1514,of,96.115555
31,4,386,1514,the,96.523956
31,5,434,1515,Negro,96.523956
31,6,514,1515,Race,90.554855
31,7,585,1519,662,90.554855
32,0,248,1550,,-1.0
32,1,248,1551,V.,91.906563
32,2,280,1551,Literary,95.964699
32,3,380,1550,Workers,95.964699
32,4,488,1551,(Concluded),95.572456
32,5,647,1556,662,94.973434
33,0,159,1584,,-1.0
33,1,159,1585,Letter,92.625656
33,2,239,1584,from,96.374344
33,3,302,1586,Cordelia,92.280724
33,4,410,1588,A.,93.236671
33,5,444,1586,Condict,91.770561
33,6,546,1587,and,96.895599
33,7,599,1587,Pauline,93.297844
33,8,695,1588,Hopkins's,28.536003
34,0,195,1620,,-1.0
34,1,195,1620,Reply,96.572083
34,2,267,1622,(March,95.256493
34,3,368,1623,1903),92.496735
34,4,444,1626,667,92.496735
35,0,124,1686,,-1.0
35,1,124,1686,Ipa,80.608841
35,2,187,1686,B.,86.77507
35,3,230,1686,Wetts-BaRNeTT,0.0
35,4,498,1688,(1862-1931),0.0
35,5,1038,1701,669,94.834602
36,0,158,1729,,-1.0
36,1,158,1730,A,95.884422
36,2,185,1729,Red,95.884422
36,3,239,1729,Record,94.691917
36,4,335,1734,670,94.691917
37,0,248,1764,,-1.0
37,1,248,1764,Chapter,94.840462
37,2,353,1766,I.,93.040596
37,3,375,1766,The,96.966759
37,4,430,1767,Case,84.451233
37,5,496,1767,Stated,53.044044
37,6,587,1770,670,96.366028
38,0,248,1801,,-1.0
38,1,248,1801,Chapter,91.162987
38,2,351,1802,X.,91.162987
38,3,382,1802,The,96.50351
38,4,439,1802,Remedy,96.78653
38,5,546,1807,676,96.788513
0,0,0,0,,-1.0
0,0,26,25,,-1.0
0,0,26,25,,-1.0
1,0,26,25,,-1.0
1,1,26,25,eC,47.897293
2,0,114,72,,-1.0
2,1,114,74,xvi,74.457207
2,2,187,74,|,50.029762
2,3,228,72,CONTENTS,62.514423
3,0,114,139,,-1.0
3,1,114,140,W.,88.845459
3,2,170,139,E.,89.541306
3,3,215,140,B.,92.442329
3,4,260,140,Du,96.386215
3,5,319,139,Bots,94.807648
3,6,401,139,(1868-1963),36.145203
3,7,1030,146,679,95.76828
4,0,150,180,,-1.0
4,1,146,176,A,96.89325
4,2,177,182,Litany,96.89325
4,3,258,180,of,96.670326
4,4,289,181,Atlanta,96.365417
4,5,392,185,684,95.714348
5,0,150,216,,-1.0
5,1,150,217,The,96.727859
5,2,206,216,Song,96.727859
5,3,269,212,of,96.276993
5,4,304,216,the,96.276993
5,5,348,217,Smoke,96.400368
5,6,442,221,686,95.204132
6,0,150,252,,-1.0
6,1,150,253,The,96.601006
6,2,206,253,Souls,96.601006
6,3,278,252,of,96.707779
6,4,310,253,Black,96.887733
6,5,383,253,Folk,96.06105
6,6,448,257,687,96.06105
7,0,241,288,,-1.0
7,1,241,288,The,93.283066
7,2,297,289,Forethought,92.597046
7,3,457,293,687,96.026863
8,0,243,324,,-1.0
8,1,243,326,"1,",78.208679
8,2,267,324,Of,96.544502
8,3,305,326,Our,96.280197
8,4,362,325,Spiritual,93.294769
8,5,473,326,Strivings,92.928818
8,6,593,329,688,93.647629
9,0,244,360,,-1.0
9,1,244,362,Il.,43.071541
9,2,287,360,OF,91.648582
9,3,328,362,Mr.,96.410362
9,4,378,361,Booker,93.048904
9,5,467,362,T.,91.804123
9,6,498,361,Washington,96.886566
9,7,648,361,and,96.446884
9,8,699,361,Others,96.653748
9,9,795,365,694,96.166985
10,0,245,396,,-1.0
10,1,245,398,IV.,96.200325
10,2,291,392,Of,96.57859
10,3,326,392,the,96.346611
10,4,370,398,Meaning,96.31662
10,5,482,396,of,96.543663
10,6,514,398,Progress,94.618202
10,7,629,401,703,94.618202
11,0,243,432,,-1.0
11,1,243,434,V.,93.028534
11,2,273,432,OF,94.786415
11,3,313,432,the,96.463982
11,4,357,433,Wings,96.463982
11,5,438,428,of,96.850143
11,6,470,432,Atalanta,96.183601
11,7,587,436,709,95.960922
12,0,243,468,,-1.0
12,1,243,470,VI.,92.909401
12,2,287,468,Of,96.524109
12,3,326,469,the,96.853973
12,4,370,470,Training,96.55069
12,5,479,468,of,96.938309
12,6,511,469,Black,96.694199
12,7,584,470,Men,95.818192
12,8,653,472,715,92.960609
13,0,244,504,,-1.0
13,1,244,506,X.,92.344513
13,2,276,504,Of,96.152161
13,3,315,505,the,96.847641
13,4,362,505,Faith,96.402397
13,5,430,504,of,96.402397
13,6,461,504,the,96.945053
13,7,507,505,Fathers,94.193451
13,8,609,509,725,94.193451
14,0,245,540,,-1.0
14,1,245,542,XI.,67.318428
14,2,290,536,Of,96.087929
14,3,327,536,the,96.440819
14,4,372,542,Passing,96.908585
14,5,467,540,of,96.959381
14,6,498,540,the,93.085464
14,7,545,541,First-Born,88.29821
14,8,681,544,733,96.355103
15,0,245,576,,-1.0
15,1,245,578,XII.,69.507675
15,2,298,576,OF,80.32634
15,3,336,576,Alexander,93.191025
15,4,462,576,Crummell,80.383957
15,5,599,580,737,96.632385
16,0,245,612,,-1.0
16,1,245,613,XII1.,32.349396
16,2,308,612,Of,96.810852
16,3,347,613,the,96.889297
16,4,392,612,Coming,96.448334
16,5,491,608,of,96.78418
16,6,522,612,John,91.71431
16,7,596,616,742,91.71431
17,0,246,648,,-1.0
17,1,246,649,XIV.,94.966621
17,2,303,648,The,96.45681
17,3,359,650,Sorrow,38.367809
17,4,452,649,Songs,96.165581
17,5,536,652,752,89.352745
18,0,246,684,,-1.0
18,1,246,684,The,93.278587
18,2,300,684,After-Thought,67.408478
18,3,483,688,760,96.446053
19,0,155,720,,-1.0
19,1,155,721,The,96.080574
19,2,212,721,Damnation,95.904289
19,3,351,720,of,96.73259
19,4,381,722,Women,94.030602
19,5,488,724,760,95.761513
20,0,156,756,,-1.0
20,1,156,758,Criteria,96.583122
20,2,256,756,of,96.960114
20,3,288,758,Negro,94.781647
20,4,367,758,Art,84.455231
20,5,422,760,771,56.87376
21,0,119,822,,-1.0
21,1,119,822,James,93.287064
21,2,227,822,D.,90.164062
21,3,274,822,Corrotners,74.81282
21,4,488,822,(1869-1917),72.224052
21,5,1037,830,778,83.750832
22,0,159,864,,-1.0
22,1,159,866,Me,55.537079
22,2,205,865,'n',45.806461
22,3,239,864,Dunbar,96.350166
22,4,344,868,779,96.574615
23,0,159,900,,-1.0
23,1,159,900,Paul,58.00201
23,2,220,901,Laurence,96.106018
23,3,339,900,Dunbar,96.23391
23,4,444,904,780,96.089363
24,0,120,966,,-1.0
24,1,120,967,James,94.868202
24,2,227,967,WELDON,96.443039
24,3,370,967,JOHNSON,94.316887
24,4,519,966,(1871-1938),0.0
24,5,1037,974,780,87.497269
25,0,159,1009,,-1.0
25,1,159,1009,Sence,92.905251
25,2,237,1009,You,96.639442
25,3,288,1009,Went,96.408089
25,4,358,1010,Away,96.305023
25,5,435,1012,783,96.379883
26,0,161,1044,,-1.0
26,1,161,1044,Lift,96.849602
26,2,213,1046,Every,96.635307
26,3,285,1046,Voice,96.960358
26,4,356,1045,and,95.894783
26,5,408,1046,Sing,95.894783
26,6,476,1048,783,96.286873
27,0,159,1080,,-1.0
27,1,159,1082,O,82.834778
27,2,191,1080,Black,96.598175
27,3,262,1080,and,96.336502
27,4,314,1080,Unknown,96.190071
27,5,438,1080,Bards,95.584496
27,6,521,1083,784,96.788445
28,0,161,1116,,-1.0
28,1,161,1116,Fifty,96.503357
28,2,223,1117,Years,91.80024
28,3,303,1121,785,81.79689
29,0,162,1152,,-1.0
29,1,162,1152,Brothers,96.303986
29,2,278,1156,788,96.303986
30,0,159,1188,,-1.0
30,1,159,1188,The,96.854179
30,2,215,1190,Creation,96.385315
30,3,334,1191,790,96.208305
31,0,162,1225,,-1.0
31,1,162,1225,My,95.968605
31,2,207,1225,City,96.230827
31,3,271,1228,792,96.569061
32,0,161,1260,,-1.0
32,1,161,1260,The,95.977287
32,2,215,1260,Autobiography,95.977287
32,3,395,1260,of,96.990875
32,4,425,1268,an,96.437531
32,5,464,1260,Ex-Colored,96.123245
32,6,603,1262,Man,94.677917
32,7,674,1264,792,94.677917
33,0,161,1295,,-1.0
33,1,161,1296,‘The,74.913284
33,2,218,1296,Book,95.794159
33,3,284,1295,of,96.994865
33,4,314,1295,American,96.80217
33,5,438,1298,Negro,96.850204
33,6,518,1298,Poetry,96.854897
33,7,602,1296,Preface,95.943741
33,8,705,1299,$71,83.767067
34,0,129,1362,,-1.0
34,1,129,1362,Paut,68.362106
34,2,216,1362,Laurence,90.206375
34,3,388,1362,Dunsar,77.30619
34,4,526,1362,(1872-1906),86.708427
34,5,1041,1370,894,86.533554
35,0,163,1405,,-1.0
35,1,163,1405,Ode,94.423454
35,2,220,1410,to,96.236282
35,3,252,1405,Ethiopia,96.400734
35,4,366,1407,896,93.163765
36,0,163,1441,,-1.0
36,1,163,1437,Worn,95.864563
36,2,240,1437,Out,95.420166
36,3,298,1444,897,95.420166
37,0,163,1476,,-1.0
37,1,163,1478,A,96.447716
37,2,190,1477,Negro,96.287186
37,3,270,1477,Love,96.735855
37,4,333,1476,Song,96.40596
37,5,407,1479,898,96.610619
38,0,163,1512,,-1.0
38,1,163,1512,The,96.883751
38,2,218,1512,Colored,96.989021
38,3,320,1512,Soldiers,95.442963
38,4,429,1515,898,94.876045
39,0,163,1548,,-1.0
39,1,163,1550,An,92.917747
39,2,206,1548,Ante-Bellum,91.508751
39,3,364,1548,Sermon,94.74472
39,4,471,1552,900,96.655022
40,0,165,1584,,-1.0
40,1,165,1584,Ere,96.689857
40,2,214,1584,Sleep,96.726624
40,3,285,1585,Comes,96.522308
40,4,375,1584,Down,96.522308
40,5,452,1590,to,96.201538
40,6,483,1584,Soothe,96.224907
40,7,573,1584,the,96.723206
40,8,618,1584,Weary,96.601143
40,9,703,1584,Eyes,95.867081
40,10,770,1588,902,95.867081
41,0,166,1620,,-1.0
41,1,166,1621,Not,96.559547
41,2,215,1620,They,96.350105
41,3,282,1620,Who,96.33931
41,4,347,1620,Soar,95.814499
41,5,416,1623,904,95.814499
42,0,165,1656,,-1.0
42,1,165,1656,When,93.285141
42,2,245,1656,Malindy,92.769333
42,3,350,1656,Sings,96.438934
42,4,428,1660,904,96.181946
43,0,165,1692,,-1.0
43,1,165,1693,We,96.335541
43,2,211,1693,Wear,96.584671
43,3,281,1692,the,96.277908
43,4,328,1692,Mask,95.473663
43,5,406,1695,906,95.730133
44,0,167,1728,,-1.0
44,1,167,1728,Little,87.097687
44,2,239,1728,Brown,96.544121
44,3,325,1728,Baby,96.573242
44,4,395,1731,906,96.839211
45,0,168,1763,,-1.0
45,1,164,1758,Her,96.015976
45,2,222,1758,Thought,96.889618
45,3,327,1763,and,96.550636
45,4,379,1764,His,95.832031
45,5,434,1767,907,95.832031
0,0,0,0,,-1.0
0,0,105,75,,-1.0
0,0,105,75,,-1.0
1,0,791,75,,-1.0
1,1,791,75,CONTENTS,95.331085
1,2,970,76,|,71.115814
1,3,1012,76,xvit,81.61348
2,0,138,141,,-1.0
2,1,138,143,A,15.737984
2,2,164,141,Cabin,15.737984
2,3,242,141,Tale,95.629723
2,4,308,143,907,95.629723
3,0,140,177,,-1.0
3,1,140,177,Sympathy,96.016785
3,2,269,181,916,78.646858
4,0,140,213,,-1.0
4,1,140,213,Dinah,96.207153
4,2,223,214,Kneading,96.026245
4,3,346,213,Dough,96.320152
4,4,440,217,910,96.717781
5,0,138,249,,-1.0
5,1,138,249,The,95.405754
5,2,195,250,Haunted,96.578827
5,3,304,250,Oak,96.485962
5,4,370,254,911,95.656235
6,0,141,285,,-1.0
6,1,141,285,Douglass,96.626076
6,2,263,288,913,96.715683
7,0,141,321,,-1.0
7,1,141,321,Philosophy,96.445847
7,2,284,326,913,85.427269
8,0,141,357,,-1.0
8,1,141,357,Black,96.72261
8,2,213,357,Samson,96.642448
8,3,314,357,of,96.511696
8,4,348,357,Brandywine,96.44207
8,5,503,362,914,94.79554
9,0,139,393,,-1.0
9,1,139,393,The,93.292641
9,2,196,394,Poct,86.86377
9,3,262,396,915,96.045654
10,0,139,429,,-1.0
10,1,139,429,The,95.462196
10,2,196,429,Fourth,96.582787
10,3,284,425,of,96.884056
10,4,299,429,July,96.470886
10,5,369,429,and,96.470886
10,6,422,431,Race,93.237679
10,7,486,431,Outrages,92.490784
10,8,609,434,915,96.575226
11,0,105,492,,-1.0
11,1,105,492,Avice,61.96751
11,2,210,492,Moore,93.268707
11,3,336,493,Dunsar,18.421906
11,4,476,493,NEtson,49.29229
11,5,609,493,(1875-1935),69.120758
11,6,1024,502,917,72.333717
12,0,141,534,,-1.0
12,1,141,534,Violets,95.848206
12,2,236,538,918,95.572273
13,0,143,570,,-1.0
13,1,143,571,I,59.058033
13,2,159,571,Sit,59.058033
13,3,198,570,and,96.141998
13,4,251,571,Sew,96.32093
13,5,313,574,918,96.762398
14,0,141,606,,-1.0
14,1,141,606,April,96.426559
14,2,210,608,Is,92.765022
14,3,236,614,on,92.765022
14,4,274,606,the,95.17868
14,5,319,607,Way,96.356476
14,6,384,611,919,94.555443
15,0,142,642,,-1.0
15,1,142,642,Violets,96.100098
15,2,237,645,920,96.330612
16,0,106,705,,-1.0
16,1,106,705,Wituiam,0.0
16,2,257,705,STANLEY,95.786621
16,3,401,706,BRAITHWAITE,90.1493
16,4,620,705,(1878~—1962),40.313839
16,5,1022,714,922,96.255814
17,0,141,747,,-1.0
17,1,141,747,The,94.385803
17,2,197,747,Watchers,95.931969
17,3,322,752,922,95.931969
18,0,141,783,,-1.0
18,1,141,783,The,96.305527
18,2,198,784,House,96.326042
18,3,279,783,of,96.981735
18,4,312,784,Falling,96.101257
18,5,401,785,Leaves,94.329712
18,6,496,788,923,94.329712
19,0,143,819,,-1.0
19,1,143,819,Sic,96.387779
19,2,186,820,Vita,93.235619
19,3,249,823,924,93.235619
20,0,109,882,,-1.0
20,1,109,882,FENTON,96.372566
20,2,238,882,JOHNSON,91.330711
20,3,388,883,(1888~—1958),40.974461
20,4,1024,891,928,73.179153
21,0,142,924,,-1.0
21,1,142,924,Tired,95.851616
21,2,222,928,925,95.480682
22,0,142,960,,-1.0
22,1,142,960,The,94.737007
22,2,198,960,Scarlet,94.783386
22,3,288,962,Woman,95.701263
22,4,395,965,926,96.282608
23,0,317,1088,,-1.0
23,1,317,1088,HARLEM,96.484818
23,2,462,1089,"RENAISSANCE,",96.381897
23,3,707,1089,1919-1940,95.620804
24,0,110,1159,,-1.0
24,1,110,1160,INTRODUCTION,87.076828
24,2,327,1159,929,87.076828
25,0,108,1225,,-1.0
25,1,108,1225,Artuur,79.282646
25,2,245,1226,A.,89.8713
25,3,292,1226,ScHOMBURG,62.25819
25,4,492,1225,(1874-1938),81.929626
25,5,1024,1239,4,6.099655
26,0,145,1267,,-1.0
26,1,145,1267,The,96.759445
26,2,201,1272,Negro,96.759445
26,3,282,1269,Digs,96.826706
26,4,344,1269,Up,97.009857
26,5,386,1269,His,96.622246
26,6,435,1269,Past,94.519371
26,7,500,1272,945,93.228493
27,0,110,1330,,-1.0
27,1,110,1330,ANGELINA,95.798203
27,2,276,1331,WELD,93.182014
27,3,378,1331,Grimx&,39.889366
27,4,515,1331,(1880-1958),80.100235
27,5,1026,1343,950,96.137421
28,0,146,1373,,-1.0
28,1,146,1374,A,93.581696
28,2,172,1373,Winter,93.581696
28,3,260,1373,Twilight,86.28215
28,4,374,1377,951,86.28215
29,0,146,1409,,-1.0
29,1,146,1409,The,96.852295
29,2,203,1409,Black,96.572327
29,3,275,1410,Finger,96.633652
29,4,365,1413,951,91.388451
30,0,147,1445,,-1.0
30,1,147,1445,When,96.473038
30,2,226,1446,the,95.957962
30,3,271,1446,Green,96.601944
30,4,353,1448,Lies,94.545242
30,5,408,1454,over,95.814613
30,6,466,1446,the,95.814613
30,7,513,1446,Earth,95.760254
30,8,594,1450,951,93.749527
31,0,146,1481,,-1.0
31,1,146,1481,Tenebris,86.376198
31,2,263,1485,952,92.159821
32,0,111,1544,,-1.0
32,1,111,1545,ANNE,95.350021
32,2,210,1544,SPENCER,93.281509
32,3,358,1545,(1882~—1975),37.715355
32,4,1027,1556,953,83.973785
33,0,149,1586,,-1.0
33,1,149,1586,Before,96.291718
33,2,233,1587,the,96.291718
33,3,279,1589,Feast,92.133476
33,4,349,1587,of,93.269012
33,5,381,1587,Shushan,90.485435
33,6,498,1592,954,96.874779
34,0,147,1622,,-1.0
34,1,147,1623,The,93.290695
34,2,201,1622,Wife-Woman,91.68441
34,3,373,1628,955,91.637131
35,0,113,1685,,-1.0
35,1,113,1685,Husert,32.370033
35,2,249,1686,Harrison,94.418663
35,3,417,1686,(1883-1927),38.070183
35,4,1028,1697,%6,0.0
36,0,147,1728,,-1.0
36,1,147,1728,The,96.805206
36,2,203,1729,East,96.896866
36,3,262,1729,St.,95.595222
36,4,303,1730,Louis,94.347443
36,5,377,1730,Horror,96.548256
36,6,473,1733,958,96.305603
37,0,147,1765,,-1.0
37,1,147,1765,Two,76.43261
37,2,205,1766,Negro,93.27668
37,3,286,1765,Radicalisms,92.354065
37,4,443,1769,959,96.924553
0,0,0,0,,-1.0
0,0,25,25,,-1.0
0,0,25,25,,-1.0
1,0,25,25,,-1.0
1,1,25,25,re,71.720604
2,0,116,68,,-1.0
2,1,116,69,avill,68.715157
2,2,213,69,|,66.253632
2,3,252,68,CONTENTS,91.917496
3,0,114,135,,-1.0
3,1,114,135,Jessie,90.483543
3,2,225,135,Reomon,88.044044
3,3,368,135,Fauset,74.345085
3,4,489,136,(ca.,92.446602
3,5,560,136,1884~1961),58.474846
3,6,1033,145,962,94.977806
4,0,154,176,,-1.0
4,1,154,176,Plum,95.607574
4,2,224,177,Bun:,95.272202
4,3,287,179,A,95.272202
4,4,314,177,Novel,96.864525
4,5,389,177,without,96.291695
4,6,487,186,a,96.690346
4,7,509,179,Moral,91.596252
4,8,596,182,963,91.596252
5,0,245,214,,-1.0
5,1,245,214,Home,96.130959
5,2,330,216,963,96.873535
6,0,279,249,,-1.0
6,1,279,249,Chapter,96.032837
6,2,385,249,|,82.694153
6,3,402,249,(Black,95.610161
6,4,484,249,Philadelphia),82.466766
6,5,659,254,963,86.301926
7,0,116,314,,-1.0
7,1,116,314,Avan,0.0
7,2,225,315,Locke,89.451073
7,3,340,315,(1886-1954),58.80719
7,4,1034,326,967,94.348427
8,0,154,356,,-1.0
8,1,154,357,From,96.73204
8,2,222,358,Apropos,96.616066
8,3,328,357,of,96.944717
8,4,358,356,Africa,95.735344
8,5,447,361,968,95.735344
9,0,153,393,,-1.0
9,1,153,393,The,96.492912
9,2,209,393,New,96.934944
9,3,271,393,Negro,95.264259
9,4,357,396,973,96.10318
10,0,118,458,,-1.0
10,1,118,458,Georcia,56.959682
10,2,268,458,Douctas,0.0
10,3,418,459,JOHNSON,91.068207
10,4,569,460,(1886-1966),69.635277
10,5,1035,469,982,59.311707
11,0,153,500,,-1.0
11,1,153,501,The,96.467636
11,2,210,501,Heart,96.467636
11,3,285,500,of,96.667877
11,4,323,510,a,95.304001
11,5,336,503,Woman,95.304001
11,6,443,505,983,95.956268
12,0,156,537,,-1.0
12,1,156,537,1,93.418877
12,2,172,537,Want,95.976456
12,3,244,542,to,96.331779
12,4,276,537,Die,96.331779
12,5,324,537,While,96.080124
12,6,403,538,You,96.201187
12,7,456,538,Love,96.408829
12,8,520,539,Me,95.541283
12,9,573,542,983,95.644485
13,0,120,602,,-1.0
13,1,120,602,Marcus,95.731041
13,2,260,602,Garvey,96.234077
13,3,390,603,(1887-1940),41.08831
13,4,1034,613,oR4,0.0
14,0,155,644,,-1.0
14,1,155,644,Africa,96.690849
14,2,237,644,for,96.810051
14,3,278,645,the,96.709106
14,4,323,645,Africans,95.868797
14,5,440,650,986,95.868797
15,0,155,680,,-1.0
15,1,155,680,The,96.418167
15,2,211,681,Future,94.848259
15,3,298,689,as,94.177048
15,4,332,682,I,81.540771
15,5,348,682,See,96.103706
15,6,399,682,It,60.704525
15,7,431,685,989,87.354919
16,0,122,746,,-1.0
16,1,122,746,RENE,60.012505
16,2,217,747,Maran,93.518692
16,3,342,746,(1887-1960),51.356964
16,4,1035,758,992,96.037079
17,0,158,789,,-1.0
17,1,158,789,Batouala,90.642097
17,2,276,792,995,91.759689
18,0,248,825,,-1.0
18,1,248,825,Preface,96.212349
18,2,351,829,995,92.336082
19,0,247,861,,-1.0
19,1,247,861,From,96.433556
19,2,316,861,Chapter,96.504608
19,3,420,857,|,84.839622
19,4,444,866,999,86.592415
20,0,120,926,,-1.0
20,1,120,926,Craupe,57.978802
20,2,257,926,McKay,94.701439
20,3,380,927,(1889-1948),38.6241
20,4,1026,937,1000,93.797539
21,0,156,968,,-1.0
21,1,156,968,The,96.243561
21,2,212,969,Harlem,95.739235
21,3,309,969,Dancer,96.232521
21,4,413,973,1004,95.970367
22,0,158,1004,,-1.0
22,1,158,1004,Harlem,96.213631
22,2,254,1005,Shadows,95.644615
22,3,376,1009,1004,95.377571
23,0,159,1040,,-1.0
23,1,159,1040,If,94.253578
23,2,185,1041,We,96.512703
23,3,231,1042,Must,96.273376
23,4,301,1041,Die,95.958916
23,5,361,1045,1005,95.958916
24,0,156,1076,,-1.0
24,1,156,1077,To,96.82917
24,2,194,1076,the,96.843643
24,3,240,1076,White,93.277496
24,4,322,1077,Fiends,92.412025
24,5,418,1081,1005,94.764259
25,0,157,1112,,-1.0
25,1,157,1112,Africa,73.524155
25,2,251,1116,1006,94.929802
26,0,157,1150,,-1.0
26,1,157,1150,America,95.652542
26,2,276,1152,1006,95.660316
27,0,156,1184,,-1.0
27,1,156,1184,The,96.26136
27,2,212,1185,White,96.551773
27,3,294,1185,House,95.1157
27,4,387,1188,1006,95.1157
28,0,158,1220,,-1.0
28,1,158,1220,Outcast,89.882256
28,2,270,1224,1007,95.268188
29,0,159,1257,,-1.0
29,1,159,1257,Home,95.675095
29,2,238,1262,to,96.834557
29,3,270,1257,Harlem,77.914612
29,4,376,1260,1007,92.801064
30,0,249,1292,,-1.0
30,1,249,1292,Chapter,94.006264
30,2,353,1293,XVII.,75.047119
30,3,426,1295,He,96.790894
30,4,467,1294,Also,96.954292
30,5,528,1294,Loved,89.297897
30,6,617,1298,1007,89.297897
31,0,160,1329,,-1.0
31,1,160,1329,Banjo,94.670372
31,2,246,1332,1012,87.170616
32,0,249,1364,,-1.0
32,1,249,1364,Chapter,96.243256
32,2,353,1366,V1.,73.344757
32,3,398,1366,Meeting-up,67.093216
32,4,554,1370,1012,75.118149
33,0,250,1401,,-1.0
33,1,250,1401,From,95.903244
33,2,318,1401,Chapter,95.903244
33,3,422,1402,XVI.,92.60479
33,4,483,1402,The,96.750618
33,5,539,1402,“Blue,95.607506
33,6,611,1402,Cinema”,80.759697
33,7,732,1406,1024,95.82061
34,0,122,1465,,-1.0
34,1,122,1465,Zora,93.255669
34,2,216,1467,Neate,9.142334
34,3,332,1467,Hurston,94.653694
34,4,488,1467,(1891-1960),74.374954
34,5,1031,1476,1029,95.513771
35,0,159,1509,,-1.0
35,1,159,1509,Sweat,93.449867
35,2,248,1512,1032,93.449867
36,0,161,1544,,-1.0
36,1,161,1544,How,95.953186
36,2,224,1545,It,95.271507
36,3,249,1545,Feels,95.219101
36,4,317,1551,to,96.626221
36,5,350,1545,Be,96.609673
36,6,387,1545,Colored,96.400246
36,7,490,1547,Me,88.341629
36,8,547,1550,1040,88.341629
37,0,158,1580,,-1.0
37,1,158,1580,The,96.314545
37,2,213,1580,Gilded,93.29509
37,3,301,1580,Six-Bits,92.807823
37,4,409,1585,1043,72.773315
38,0,159,1616,,-1.0
38,1,159,1616,Characteristics,96.041847
38,2,347,1616,of,96.76239
38,3,379,1618,Negro,96.76239
38,4,461,1617,Expression,92.893379
38,5,607,1622,1050,95.330444
39,0,161,1652,,-1.0
39,1,161,1652,Mules,96.331848
39,2,240,1653,and,95.474831
39,3,293,1653,Men,90.879807
39,4,366,1656,1062,90.879807
40,0,251,1688,,-1.0
40,1,251,1688,(Negro,82.451813
40,2,341,1689,Folklore],90.536591
40,3,464,1693,1062,90.536591
41,0,159,1724,,-1.0
41,1,159,1724,Their,96.534042
41,2,233,1725,Eyes,95.356071
41,3,294,1725,Were,96.198578
41,4,363,1725,Watching,96.752937
41,5,485,1725,God,91.166672
41,6,554,1729,1070,91.166672
42,0,250,1760,,-1.0
42,1,250,1760,Chapter,95.777985
42,2,358,1763,|,47.261787
42,3,378,1761,[The,96.47245
42,4,443,1761,Return],90.527557
42,5,552,1765,1070,90.527557
43,0,250,1796,,-1.0
43,1,250,1796,Chapter,96.60434
43,2,354,1798,2,96.146568
43,3,378,1796,[Pear,93.851212
43,4,446,1797,Tree],62.056671
43,5,526,1802,1074,89.627792
0,0,0,0,,-1.0
0,0,117,72,,-1.0
0,0,117,72,,-1.0
1,0,818,72,,-1.0
1,1,818,72,CONTENTS,92.963615
1,2,998,75,|,65.359703
1,3,1040,75,xix,87.048889
2,0,121,144,,-1.0
2,1,121,144,Netra,0.0
2,2,234,144,Larsen,95.363663
2,3,363,144,(1893-1964),57.719501
2,4,1028,150,1079,96.147896
3,0,157,186,,-1.0
3,1,157,186,Passing,96.073349
3,2,263,189,1080,87.727493
4,0,117,251,,-1.0
4,1,117,252,Jean,94.672752
4,2,203,252,Toomer,95.072945
4,3,342,251,(1894-1967),78.660255
4,4,1032,260,nat,52.843227
5,0,156,294,,-1.0
5,1,156,294,Cane,95.446754
5,2,237,298,1143,84.818306
6,0,121,360,,-1.0
6,1,121,360,GEeorGE,39.003593
6,2,258,360,SAMUEL,95.798836
6,3,393,360,SCHUYLER,93.28933
6,4,563,361,(1895—1977),9.452972
6,5,1031,368,1218,92.981819
7,0,156,403,,-1.0
7,1,156,403,The,92.833733
7,2,214,403,Negro-Art,86.758354
7,3,341,403,Hokum,88.507477
7,4,446,408,1219,88.507477
8,0,159,439,,-1.0
8,1,159,439,Black,96.562576
8,2,233,440,No,96.908302
8,3,275,441,More,90.585526
8,4,356,443,1222,90.585526
9,0,248,476,,-1.0
9,1,248,476,Chapter,92.089348
9,2,355,472,|,70.801689
9,3,385,479,1222,84.181183
10,0,250,512,,-1.0
10,1,250,512,Chapter,90.041733
10,2,356,507,2,54.982647
10,3,386,515,1230,75.072762
11,0,125,576,,-1.0
11,1,125,578,RupDocen,6.468338
11,2,280,578,Fisner,19.159019
11,3,399,576,(1897~1934),43.62598
11,4,1031,585,1237,96.222115
12,0,159,619,,-1.0
12,1,159,620,The,96.853058
12,2,213,621,City,95.700775
12,3,270,620,of,96.385139
12,4,302,619,Refuge,92.872871
12,5,403,623,1238,92.872871
13,0,126,686,,-1.0
13,1,126,686,Eric,93.191933
13,2,210,686,WaLRronp,28.43618
13,3,374,686,(1898-1966),48.568726
13,4,1032,693,1249,93.427132
14,0,159,728,,-1.0
14,1,159,728,The,96.473679
14,2,214,729,Wharf,95.065887
14,3,300,729,Rats,95.065887
14,4,371,732,1251,90.382118
15,0,128,795,,-1.0
15,1,128,795,Paut,74.423767
15,2,215,795,Roseson,46.072777
15,3,365,795,(1898-1976),55.257454
15,4,1032,802,1260,96.548416
16,0,163,836,,-1.0
16,1,163,839,1,89.861351
16,2,179,839,Want,95.492325
16,3,250,843,to,96.078415
16,4,282,839,Be,96.635597
16,5,319,836,African,85.64119
16,6,428,841,1262,90.064255
17,0,128,903,,-1.0
17,1,128,903,Marita,92.82431
17,2,260,903,Bonner,93.195503
17,3,395,903,(1899~1971),58.89016
17,4,1034,910,1265,88.205719
18,0,162,946,,-1.0
18,1,162,947,On,96.124817
18,2,209,947,Being,93.244774
18,3,282,947,Young—a,84.123314
18,4,404,946,Woman—and,92.149483
18,5,576,946,Colored,94.11734
18,6,689,950,1266,94.686241
19,0,128,1012,,-1.0
19,1,128,1013,STERLING,96.19471
19,2,287,1014,A.,90.728386
19,3,335,1013,Brown,93.287216
19,4,457,1012,(1g01~1989),65.56395
19,5,1035,1019,1269,96.301437
20,0,164,1054,,-1.0
20,1,164,1054,Odyssey,96.660583
20,2,267,1050,of,96.822823
20,3,300,1056,Big,96.821709
20,4,346,1056,Boy,96.115089
20,5,407,1058,1271,95.367554
21,0,163,1091,,-1.0
21,1,163,1091,When,96.558365
21,2,242,1091,de,92.079575
21,3,278,1092,Suints,89.682205
21,4,359,1092,Go,92.542992
21,5,403,1091,Ma'ching,69.666862
21,6,519,1092,Home,94.475029
21,7,608,1094,1272,93.878052
22,0,166,1128,,-1.0
22,1,162,1124,Long,96.486809
22,2,237,1124,Gone,95.066017
22,3,315,1130,1276,96.066597
23,0,164,1163,,-1.0
23,1,164,1163,Southern,96.07383
23,2,284,1163,Road,58.256439
23,3,362,1166,1277,91.801109
24,0,165,1200,,-1.0
24,1,165,1200,Strong,96.025429
24,2,252,1200,Men,89.025063
24,3,324,1202,1278,89.025063
25,0,166,1235,,-1.0
25,1,166,1235,Memphis,94.562759
25,2,284,1235,Blues,91.847206
25,3,367,1238,1280,94.496117
26,0,166,1271,,-1.0
26,1,166,1271,Slim,96.753281
26,2,227,1271,Greer,79.743729
26,3,313,1275,1281,92.512733
27,0,166,1306,,-1.0
27,1,166,1306,Slim,93.922318
27,2,228,1310,in,94.332047
27,3,258,1307,Atlanta,44.758362
27,4,365,1310,1283,87.610245
28,0,167,1344,,-1.0
28,1,167,1344,Ma,95.992813
28,2,215,1344,Rainey,95.464226
28,3,314,1346,1284,95.464226
29,0,166,1379,,-1.0
29,1,166,1379,Cabaret,78.141479
29,2,279,1383,1286,93.111374
30,0,168,1414,,-1.0
30,1,168,1414,Break,96.667725
30,2,246,1410,of,96.759972
30,3,281,1414,Day,94.424667
30,4,339,1416,1288,94.424667
31,0,167,1449,,-1.0
31,1,167,1451,Sam,96.783218
31,2,227,1449,Smiley,95.357216
31,3,326,1452,1289,95.088394
32,0,131,1514,,-1.0
32,1,131,1515,GweENDOLYyN,44.16053
32,2,336,1517,B.,92.572823
32,3,381,1515,BENNETT,93.186203
32,4,533,1514,(1902—1981),65.177536
32,5,1039,1523,«I,35.736298
33,0,169,1560,,-1.0
33,1,169,1560,Heritage,95.952805
33,2,289,1562,1292,95.952805
34,0,173,1595,,-1.0
34,1,173,1596,toa,31.717178
34,2,227,1595,Dark,94.82338
34,3,291,1595,Girl,85.238243
34,4,357,1596,1292,85.238243
35,0,132,1656,,-1.0
35,1,132,1657,WALLACE,94.919762
35,2,287,1657,THURMAN,93.297142
35,3,452,1656,(1902—1934),71.390839
35,4,1041,1663,1293,92.509926
36,0,170,1698,,-1.0
36,1,170,1699,Infants,96.702919
36,2,261,1694,of,96.951561
36,3,292,1698,the,96.73407
36,4,338,1700,Spring,95.901085
36,5,434,1701,1294,92.096008
37,0,259,1734,,-1.0
37,1,259,1735,Chapter,93.213448
37,2,362,1735,XXI,82.390327
37,3,418,1734,(Harlem,72.088966
37,4,522,1734,Salon],85.064438
37,5,617,1739,1294,85.064438
0,0,0,0,,-1.0
0,0,120,66,,-1.0
0,0,120,66,,-1.0
1,0,122,66,,-1.0
1,1,122,74,ss,65.969955
1,2,184,71,|,71.543961
1,3,224,66,CONTENTS,71.543961
2,0,120,132,,-1.0
2,1,120,132,LANGSTON,93.295792
2,2,294,133,HuGHeEs,52.713425
2,3,431,135,(1902-1967),56.19915
2,4,1026,146,1302,93.919289
3,0,155,175,,-1.0
3,1,155,175,The,96.83577
3,2,211,176,Negro,96.7948
3,3,291,176,Speaks,96.991257
3,4,382,176,of,96.929337
3,5,414,177,Rivers,93.935173
3,6,506,180,1304,93.935173
4,0,157,211,,-1.0
4,1,157,211,Mother,92.546211
4,2,253,207,to,92.546211
4,3,283,213,Son,75.70842
4,4,348,215,1305,75.115463
5,0,158,247,,-1.0
5,1,158,248,Danse,93.149666
5,2,238,247,Africaine,90.975777
5,3,368,252,1305,80.96714
6,0,154,284,,-1.0
6,1,154,284,Jazzonia,89.929085
6,2,273,287,1306,96.636627
7,0,158,320,,-1.0
7,1,158,320,Dream,95.625702
7,2,245,320,Variations,96.584831
7,3,384,324,1306,96.584831
8,0,155,354,,-1.0
8,1,155,354,The,96.615791
8,2,211,356,Weary,96.740402
8,3,296,356,Blues,84.440948
8,4,378,359,1307,84.440948
9,0,158,391,,-1.0
9,1,158,391,"1,",84.695358
9,2,181,391,Too,91.342766
9,3,245,394,1308,95.945229
10,0,155,427,,-1.0
10,1,155,428,Jazz,94.636787
10,2,212,427,Band,96.569901
10,3,281,429,in,93.930428
10,4,311,435,a,93.930428
10,5,334,429,Parisian,96.658211
10,6,437,428,Cabaret,76.164413
10,7,551,432,1308,89.228394
11,0,155,462,,-1.0
11,1,155,462,Johannesburg,95.947464
11,2,329,464,Mines,89.514015
11,3,421,468,1309,89.514015
12,0,159,499,,-1.0
12,1,159,499,Homesick,95.513412
12,2,284,499,Blues,93.742264
12,3,366,503,1309,93.742264
13,0,159,534,,-1.0
13,1,159,534,Mulatto,91.011032
13,2,272,539,1309,96.130791
14,0,159,570,,-1.0
14,1,159,570,Red,95.397026
14,2,212,570,Silk,96.960312
14,3,266,572,Stockings,95.542656
14,4,399,575,1311,75.951996
15,0,158,606,,-1.0
15,1,158,607,Song,96.964714
15,2,225,606,for,94.996002
15,3,271,615,a,94.996002
15,4,287,607,Dark,96.661217
15,5,351,607,Girl,91.451103
15,6,417,611,1311,91.451103
16,0,158,642,,-1.0
16,1,158,642,Gal’s,84.949905
16,2,224,642,Cry,96.256073
16,3,276,642,for,96.256073
16,4,323,651,a,96.53791
16,5,338,644,Dying,96.456749
16,6,418,645,Lover,86.093964
16,7,502,648,1311,81.603882
17,0,159,679,,-1.0
17,1,155,665,Dear,96.525124
17,2,227,665,Lovely,95.170601
17,3,310,680,Death,89.880524
17,4,401,683,1312,89.880524
18,0,158,713,,-1.0
18,1,158,713,Afro-American,88.988182
18,2,345,716,Fragment,87.109955
18,3,477,719,1312,87.109955
19,0,159,750,,-1.0
19,1,155,746,Negro,95.566483
19,2,241,746,Servant,84.485138
19,3,349,755,1313,84.485138
20,0,158,786,,-1.0
20,1,158,786,Christ,95.86573
20,2,242,789,in,95.21714
20,3,272,786,Alabama,63.911957
20,4,395,791,1313,63.911957
21,0,158,822,,-1.0
21,1,158,822,Cubes,92.502136
21,2,252,827,1314,82.923767
22,0,160,858,,-1.0
22,1,160,858,Ballad,96.932724
22,2,240,854,of,96.997169
22,3,273,858,the,96.858101
22,4,320,859,Landlord,94.207733
22,5,446,863,1315,94.207733
23,0,161,894,,-1.0
23,1,161,894,Madam,95.963554
23,2,257,895,and,96.257278
23,3,309,895,the,96.800301
23,4,356,896,Rent,95.970436
23,5,419,896,Man,79.387192
23,6,492,900,1316,79.387192
24,0,158,930,,-1.0
24,1,158,930,‘Trumpet,77.878052
24,2,271,930,Player,89.839539
24,3,361,935,1317,90.622444
25,0,159,966,,-1.0
25,1,159,967,Song,96.942116
25,2,226,966,for,96.947296
25,3,267,966,Billie,93.367867
25,4,338,967,Holiday,94.047714
25,5,447,971,1318,94.047714
26,0,161,1002,,-1.0
26,1,161,1002,Dream,96.744278
26,2,250,1002,Boogie,96.158585
26,3,349,1007,1318,96.394768
27,0,161,1037,,-1.0
27,1,161,1037,Harlem,93.347496
27,2,267,1042,1319,94.839783
28,0,161,1075,,-1.0
28,1,161,1075,Motto,95.596809
28,2,251,1078,1319,95.28698
29,0,159,1110,,-1.0
29,1,159,1110,Theme,96.770561
29,2,250,1110,for,96.782341
29,3,292,1110,English,92.523148
29,4,389,1112,B,92.523148
29,5,425,1115,1319,95.736671
30,0,159,1145,,-1.0
30,1,159,1145,The,96.806549
30,2,215,1146,Negro,96.504158
30,3,294,1148,Artist,96.707718
30,4,370,1147,and,96.707718
30,5,422,1148,the,96.822609
30,6,468,1148,Racial,96.568726
30,7,551,1149,Mountain,92.148552
30,8,686,1152,1320,94.21801
31,0,159,1181,,-1.0
31,1,159,1181,The,96.324684
31,2,215,1183,Big,96.549644
31,3,261,1183,Sea,96.020355
31,4,323,1186,1324,93.505615
32,0,250,1218,,-1.0
32,1,250,1218,When,96.264618
32,2,330,1219,the,96.746185
32,3,377,1220,Negro,95.910828
32,4,455,1220,Was,95.963287
32,5,514,1222,in,95.963287
32,6,545,1221,Vogue,94.7192
32,7,636,1224,1324,94.7192
33,0,252,1254,,-1.0
33,1,252,1254,Harlem,96.904793
33,2,349,1255,Literati,70.414932
33,3,455,1259,1330,82.259628
34,0,248,1287,,-1.0
34,1,248,1287,Downtown,96.217506
34,2,454,1295,1334,96.508774
35,0,162,1326,,-1.0
35,1,162,1326,Bop,94.971634
35,2,226,1329,1337,94.971634
36,0,126,1392,,-1.0
36,1,126,1392,Nicords,14.174896
36,2,270,1392,GUILten,0.0
36,3,419,1392,(1g02-1989),24.903496
36,4,1032,1404,1339,96.378983
37,0,162,1434,,-1.0
37,1,158,1430,Little,89.440926
37,2,245,1430,Ode,90.414352
37,3,302,1438,1341,90.414352
38,0,161,1470,,-1.0
38,1,161,1470,My,96.403877
38,2,208,1471,Last,96.53656
38,3,267,1472,Name,94.618286
38,4,355,1475,1342,94.618286
39,0,125,1535,,-1.0
39,1,125,1535,Countee,78.005508
39,2,282,1536,CULLEN,78.611351
39,3,419,1537,(1903—1946),49.619698
39,4,1032,1548,1345,93.266899
40,0,160,1578,,-1.0
40,1,160,1578,Yet,96.523712
40,2,211,1573,Do,81.477509
40,3,250,1580,I,50.05291
40,4,266,1578,Marvel,72.248383
40,5,368,1583,1347,89.883118
41,0,161,1613,,-1.0
41,1,161,1613,Tableau,93.399841
41,2,273,1617,1348,93.399841
42,0,163,1650,,-1.0
42,1,163,1650,Incident,94.534058
42,2,278,1654,1348,94.534058
43,0,162,1686,,-1.0
43,1,162,1686,Saturday's,58.489933
43,2,291,1686,Child,96.511375
43,3,376,1692,1349,96.511375
44,0,161,1722,,-1.0
44,1,161,1722,The,96.11908
44,2,216,1722,Shroud,96.854942
44,3,309,1717,of,97.013733
44,4,346,1717,Color,95.11618
44,5,426,1727,1349,95.11618
45,0,163,1758,,-1.0
45,1,163,1758,Heritage,96.431015
45,2,283,1762,1354,96.604919
46,0,161,1794,,-1.0
46,1,161,1794,To,95.616241
46,2,197,1794,John,96.578911
46,3,263,1794,"Keats,",96.932274
46,4,344,1796,"Poet,",94.297112
46,5,412,1801,at,94.297112
46,6,443,1796,Spring,96.508865
46,7,527,1796,Time,93.702332
46,8,608,1800,1356,88.795197
47,0,163,1830,,-1.0
47,1,163,1830,From,96.696426
47,2,233,1830,the,96.697922
47,3,280,1830,Dark,96.746033
47,4,344,1832,Tower,95.411171
47,5,436,1835,1358,93.866371
0,0,0,0,,-1.0
0,0,171,75,,-1.0
0,0,171,75,,-1.0
1,0,869,75,,-1.0
1,1,869,75,CONTENTS,96.285561
1,2,1049,79,|,60.438988
1,3,1092,80,xxi,84.241035
2,0,171,145,,-1.0
2,1,171,145,RicHarp,7.723083
2,2,321,146,Bruce,91.407166
2,3,435,146,Nucent,50.635368
2,4,572,145,(1906-1987),43.516609
2,5,1080,156,1358,93.230247
3,0,206,188,,-1.0
3,1,206,189,"Smoke,",96.230743
3,2,302,188,Lilies,92.964233
3,3,374,189,and,92.964233
3,4,424,189,Jade,88.857269
3,5,495,192,1360,88.857269
4,0,172,252,,-1.0
4,1,172,252,HELENE,95.990547
4,2,305,252,JOHNSON,93.104279
4,3,456,252,(1907~1995),31.54895
4,4,1080,260,1370,96.691299
5,0,208,293,,-1.0
5,1,208,293,Poem,94.541275
5,2,299,297,137),74.437416
6,0,207,336,,-1.0
6,1,207,336,Sonnet,96.477242
6,2,307,342,to,72.517471
6,3,340,344,a,72.517471
6,4,364,336,Negro,92.375443
6,5,451,338,in,89.80619
6,6,485,336,Harlem,73.915886
6,7,601,340,1371,73.915886
7,0,209,380,,-1.0
7,1,209,380,Invocation,73.630753
7,2,364,384,1372,92.831146
8,0,173,512,,-1.0
8,1,173,513,TIMELINE,78.307541
8,2,317,512,1373,96.637825
9,0,176,557,,-1.0
9,1,176,558,SELECTED,96.354767
9,2,311,558,BIBLIOGRAPHIES,95.940628
9,3,536,557,1393,66.630028
10,0,212,602,,-1.0
10,1,212,603,GENERAL,94.154251
10,2,338,603,READINGS,90.575356
10,3,482,602,1383,89.366669
11,0,212,647,,-1.0
11,1,212,649,THE,96.92231
11,2,270,649,VERNACULAR,95.868546
11,3,443,649,TRADITION,93.715446
11,4,599,647,1391,81.040253
12,0,215,693,,-1.0
12,1,215,694,LITERATURE,95.676445
12,2,376,694,OF,96.169373
12,3,416,693,SLAVERY,95.999695
12,4,528,695,AND,96.331795
12,5,589,693,FREEDOM,85.255104
12,6,729,693,1392,85.255104
13,0,215,740,,-1.0
13,1,215,740,LITERATURE,95.560654
13,2,376,740,OF,96.991577
13,3,416,740,THE,95.0755
13,4,476,740,RECONSTRUCTION,95.0755
13,5,705,740,TO,96.364502
13,6,746,740,THE,96.64035
14,0,251,783,,-1.0
14,1,251,785,NEW,96.271561
14,2,316,786,NEGRO,96.611206
14,3,410,785,RENAISSANCE,96.499985
14,4,599,783,1397,81.189186
15,0,215,829,,-1.0
15,1,215,830,HARLEM,95.866798
15,2,330,830,RENAISSANCE,91.581345
15,3,519,829,1400,85.896591
16,0,180,874,,-1.0
16,1,180,876,PERMISSIONS,96.386772
16,2,350,876,ACKNOWLEDGMENTS,92.597466
16,3,627,874,1409,48.747604
17,0,180,920,,-1.0
17,1,180,921,INDEX,94.172661
17,2,276,920,1413,88.314522
